{
  "type": "FeatureCollection",
  "features": [
    {
      "type": "Feature",
      "properties": { "globee_ocean": "Arctic Ocean", "source_name": "Arctic Ocean" },
      "geometry": {
        "type": "Polygon",
        "coordinates": [
          [
            [179.527885, 71.440187],
            [156.042393, 77.470052],
            [138.844476, 76.252969],
            [96.196795, 81.26734],
            [96.18677, 81.183753],
            [96.075097, 81.192719],
            [95.984095, 81.211271],
            [95.902085, 81.260467],
            [95.800489, 81.280569],
            [95.159649, 81.27106],
            [95.159649, 81.280569],
            [91.554443, 81.191685],
            [91.389854, 81.187448],
            [91.108889, 81.199101],
            [90.070141, 81.213906],
            [89.901314, 81.170524],
            [89.919297, 81.14882],
            [89.870101, 81.14776],
            [65.360693, 81.068385],
            [65.309895, 81.09642],
            [65.171764, 81.144065],
            [65.135797, 81.150396],
            [64.919893, 81.280052],
            [63.808643, 81.597552],
            [63.676351, 81.617137],
            [63.782185, 81.649952],
            [63.767354, 81.664215],
            [63.709683, 81.687521],
            [63.04931, 81.710258],
            [62.379893, 81.809219],
            [59.363643, 81.862135],
            [59.358372, 81.835677],
            [59.262047, 81.854177],
            [58.134364, 81.827719],
            [58.000522, 81.800227],
            [57.98781, 81.862135],
            [55.818226, 81.862135],
            [50.383158, 81.427692],
            [49.826447, 80.895347],
            [49.507914, 80.865194],
            [49.244364, 80.821269],
            [49.147574, 80.712257],
            [49.192533, 80.656162],
            [49.185143, 80.558804],
            [49.087733, 80.515913],
            [48.894101, 80.51276],
            [48.62528, 80.508523],
            [48.464928, 80.558261],
            [48.402503, 80.568829],
            [48.407774, 80.643993],
            [48.62528, 80.629187],
            [48.683468, 80.633399],
            [48.686672, 80.717554],
            [48.547456, 80.77892],
            [48.44586, 80.805921],
            [48.345349, 80.81915],
            [48.243185, 80.823387],
            [47.899795, 80.812794],
            [47.442045, 80.853541],
            [47.352593, 80.853024],
            [47.020831, 80.814396],
            [46.799087, 80.755123],
            [46.327643, 80.735021],
            [45.124305, 80.652442],
            [44.97403, 80.624407],
            [44.97031, 80.645052],
            [27.035797, 80.115885],
            [27.017297, 80.12542],
            [26.860614, 80.15981],
            [26.436764, 80.175675],
            [25.83618, 80.175158],
            [25.750966, 80.187845],
            [25.666837, 80.209549],
            [25.471552, 80.232829],
            [24.906935, 80.276754],
            [24.785754, 80.300577],
            [24.736041, 80.301094],
            [24.613774, 80.285746],
            [24.546595, 80.295254],
            [24.402676, 80.35507],
            [24.29736, 80.360367],
            [24.28041, 80.329128],
            [24.233849, 80.303212],
            [24.142847, 80.295254],
            [23.952885, 80.304789],
            [23.772947, 80.244482],
            [23.687733, 80.206371],
            [23.353335, 80.178853],
            [23.114693, 80.186785],
            [23.224712, 80.317475],
            [23.250137, 80.380985],
            [23.315197, 80.425427],
            [23.25117, 80.446614],
            [23.007774, 80.474132],
            [22.89667, 80.468835],
            [22.792387, 80.432869],
            [22.672291, 80.412741],
            [22.548991, 80.416461],
            [22.450547, 80.402173],
            [22.417733, 80.365663],
            [22.44631, 80.308483],
            [22.442641, 80.190506],
            [22.376495, 80.089427],
            [22.289679, 80.049223],
            [22.190201, 80.059791],
            [21.897609, 80.132267],
            [21.780614, 80.138649],
            [21.696485, 80.159268],
            [21.654679, 80.218541],
            [21.549414, 80.24288],
            [20.998543, 80.238643],
            [20.897981, 80.249753],
            [20.693187, 80.298458],
            [20.475732, 80.371477],
            [20.359305, 80.401088],
            [20.104231, 80.430207],
            [19.851274, 80.470954],
            [19.733297, 80.477827],
            [19.614235, 80.462479],
            [19.691491, 80.402173],
            [19.777222, 80.353494],
            [19.810553, 80.327035],
            [19.802078, 80.294737],
            [19.751281, 80.22699],
            [19.568191, 80.249753],
            [19.32743, 80.323315],
            [19.26392, 80.336027],
            [19.178189, 80.331789],
            [19.157053, 80.30161],
            [19.191418, 80.262982],
            [19.354922, 80.185183],
            [19.536978, 80.162963],
            [19.343295, 80.116402],
            [19.142739, 80.138649],
            [18.961768, 80.174616],
            [18.779195, 80.193684],
            [18.089677, 80.170921],
            [17.95847, 80.149733],
            [-25.890404, 83.278716],
            [-25.947558, 83.289826],
            [-27.034468, 83.377133],
            [-27.688511, 83.410465],
            [-28.376945, 83.437466],
            [-28.483863, 83.43483],
            [-28.991842, 83.504671],
            [-29.952817, 83.565003],
            [-30.703159, 83.59358],
            [-32.984415, 83.599394],
            [-33.398214, 83.577173],
            [-33.837412, 83.53007],
            [-34.132175, 83.528494],
            [-34.428513, 83.557587],
            [-34.667698, 83.571333],
            [-34.941789, 83.568698],
            [-35.165626, 83.545934],
            [-35.451913, 83.538545],
            [-36.606546, 83.536943],
            [-36.644657, 83.52901],
            [-36.672175, 83.509942],
            [-36.689641, 83.479789],
            [-36.804466, 83.466017],
            [-37.123026, 83.468135],
            [-37.487086, 83.499374],
            [-37.723092, 83.497798],
            [-37.827866, 83.485628],
            [-37.960701, 83.437466],
            [-38.071288, 83.412067],
            [-38.187715, 83.402532],
            [-38.541182, 83.414702],
            [-38.648075, 83.400956],
            [-38.749671, 83.370777],
            [-38.761324, 83.485085],
            [-40.358332, 83.467102],
            [-69.858857, 83.132135],
            [-69.863611, 83.108312],
            [-69.867849, 83.109372],
            [-69.969987, 83.116271],
            [-70.87063, 83.098261],
            [-71.084932, 83.082914],
            [-71.423594, 83.021005],
            [-71.402432, 83.00142],
            [-71.198181, 82.96969],
            [-70.933055, 82.911477],
            [-70.940471, 82.902485],
            [-71.132035, 82.923104],
            [-71.406153, 82.974961],
            [-71.983456, 83.10144],
            [-72.069187, 83.106194],
            [-72.811597, 83.081337],
            [-73.331255, 82.998784],
            [-73.403757, 82.97708],
            [-73.440783, 82.945868],
            [-73.441842, 82.904604],
            [-73.234413, 82.844246],
            [-72.776147, 82.755879],
            [-72.658686, 82.721514],
            [-73.271982, 82.77177],
            [-73.703248, 82.851687],
            [-73.916516, 82.904061],
            [-74.055681, 82.955402],
            [-74.197507, 82.988733],
            [-74.413928, 83.013073],
            [-75.744777, 83.046921],
            [-77.124848, 83.008319],
            [-77.041235, 82.967546],
            [-76.908427, 82.919409],
            [-76.40993, 82.815695],
            [-76.187695, 82.758024],
            [-76.087159, 82.723607],
            [-75.642638, 82.643716],
            [-75.565382, 82.608782],
            [-75.74426, 82.572273],
            [-76.00936, 82.535247],
            [-76.146406, 82.550052],
            [-76.24379, 82.604028],
            [-76.335335, 82.644232],
            [-76.42104, 82.670691],
            [-77.225927, 82.837399],
            [-77.479374, 82.8829],
            [-77.618022, 82.896129],
            [-77.968853, 82.90618],
            [-78.525021, 82.891375],
            [-79.180665, 82.933181],
            [-79.886565, 82.938452],
            [-80.154844, 82.910934],
            [-80.141098, 82.89401],
            [-79.974415, 82.859077],
            [-79.833649, 82.816754],
            [-79.642084, 82.784999],
            [-79.207124, 82.732625],
            [-78.791723, 82.693997],
            [-78.748857, 82.679166],
            [-79.035144, 82.674385],
            [-80.076011, 82.706166],
            [-80.657035, 82.769108],
            [-81.009985, 82.779185],
            [-81.127988, 82.761719],
            [-81.178269, 82.744795],
            [-81.146514, 82.715675],
            [-80.809429, 82.586561],
            [-80.862346, 82.571756],
            [-81.188837, 82.594494],
            [-81.579899, 82.643173],
            [-81.785209, 82.649012],
            [-82.116998, 82.62891],
            [-82.122294, 82.601909],
            [-81.95879, 82.563281],
            [-81.680978, 82.518839],
            [-81.718004, 82.506127],
            [-82.023334, 82.4945],
            [-82.268875, 82.464838],
            [-82.451448, 82.427295],
            [-82.447727, 82.394997],
            [-82.253527, 82.336267],
            [-81.997418, 82.278053],
            [-81.468252, 82.192348],
            [-80.129987, 82.028275],
            [-79.629398, 81.932519],
            [-79.424604, 81.854177],
            [-79.465867, 81.851025],
            [-79.685492, 81.885958],
            [-79.908786, 81.936213],
            [-80.153267, 81.977503],
            [-80.550142, 82.004478],
            [-81.584653, 82.120362],
            [-82.276807, 82.218263],
            [-82.536636, 82.247357],
            [-82.638232, 82.245781],
            [-82.708615, 82.228857],
            [-82.747243, 82.196559],
            [-82.657275, 82.158448],
            [-82.327605, 82.092302],
            [-82.356182, 82.065844],
            [-82.633478, 82.077497],
            [-82.774219, 82.094963],
            [-83.010225, 82.141524],
            [-83.175874, 82.187025],
            [-83.590732, 82.326216],
            [-83.82356, 82.350555],
            [-84.368075, 82.373835],
            [-84.553283, 82.398175],
            [-84.744848, 82.437346],
            [-84.896725, 82.44949],
            [-85.276133, 82.405048],
            [-85.480927, 82.36642],
            [-85.794706, 82.291825],
            [-85.920125, 82.282833],
            [-86.187344, 82.2479],
            [-86.615457, 82.218806],
            [-86.580524, 82.187025],
            [-85.310524, 82.044166],
            [-85.16924, 82.023521],
            [-85.052297, 81.994427],
            [-85.044881, 81.982774],
            [-85.403128, 81.982257],
            [-85.538055, 81.954739],
            [-85.64549, 81.953163],
            [-85.874624, 81.975901],
            [-86.15825, 82.02564],
            [-86.377332, 82.045225],
            [-86.626567, 82.051039],
            [-86.833997, 82.033598],
            [-86.999103, 81.992308],
            [-87.018146, 81.958977],
            [-87.218159, 82.000241],
            [-87.404427, 82.054217],
            [-87.638857, 82.084912],
            [-88.06325, 82.096565],
            [-88.567017, 82.06109],
            [-88.874983, 82.01825],
            [-89.156516, 81.955256],
            [-89.38087, 81.916628],
            [-89.633283, 81.894407],
            [-90.162992, 81.893865],
            [-90.490001, 81.877483],
            [-90.941911, 81.827202],
            [-91.219724, 81.787515],
            [-91.423975, 81.744132],
            [-91.647811, 81.6838],
            [-91.683804, 81.635663],
            [-91.402813, 81.577967],
            [-91.292226, 81.571094],
            [-91.10278, 81.591713],
            [-90.833959, 81.640392],
            [-90.62653, 81.65574],
            [-90.480492, 81.638299],
            [-90.330734, 81.6314],
            [-89.821669, 81.635121],
            [-89.84495, 81.611841],
            [-90.553511, 81.464201],
            [-90.609063, 81.42981],
            [-90.416465, 81.405471],
            [-90.303733, 81.401233],
            [-88.978181, 81.541457],
            [-88.479167, 81.564737],
            [-88.101361, 81.558381],
            [-87.597051, 81.525567],
            [-87.616636, 81.509185],
            [-88.12676, 81.518694],
            [-88.622053, 81.501253],
            [-88.89245, 81.474252],
            [-89.426913, 81.387461],
            [-89.673513, 81.328731],
            [-89.635944, 81.302273],
            [-89.20889, 81.249899],
            [-89.26235, 81.239305],
            [-89.563442, 81.226619],
            [-89.947088, 81.172643],
            [-89.980936, 81.124454],
            [-89.792033, 81.06469],
            [-89.623232, 81.032393],
            [-89.398336, 81.02552],
            [-88.886636, 81.058308],
            [-87.275313, 81.080555],
            [-86.622847, 81.122878],
            [-85.87514, 81.241424],
            [-85.402611, 81.285323],
            [-85.206266, 81.294857],
            [-84.941166, 81.286408],
            [-85.083509, 81.246721],
            [-85.809537, 81.123421],
            [-85.978338, 81.1012],
            [-86.476809, 81.035571],
            [-86.928719, 81.000663],
            [-87.388562, 80.988494],
            [-88.413022, 80.999604],
            [-89.167084, 80.941365],
            [-89.263409, 80.91439],
            [-89.211552, 80.882118],
            [-89.144346, 80.853541],
            [-89.061793, 80.829744],
            [-88.921569, 80.805378],
            [-88.625231, 80.769928],
            [-88.232051, 80.703782],
            [-88.00346, 80.675205],
            [-87.711876, 80.656162],
            [-87.329832, 80.669934],
            [-87.080054, 80.726546],
            [-86.233387, 80.94984],
            [-85.966685, 81.011774],
            [-85.78096, 81.035054],
            [-84.635319, 81.097996],
            [-83.28858, 81.14776],
            [-83.349429, 81.103319],
            [-84.679761, 81.042444],
            [-85.246497, 80.987951],
            [-85.639134, 80.924441],
            [-86.251913, 80.789513],
            [-86.4403, 80.728122],
            [-86.603287, 80.664095],
            [-86.615457, 80.630247],
            [-86.531844, 80.604848],
            [-86.250311, 80.565677],
            [-86.097401, 80.561982],
            [-85.726441, 80.581025],
            [-85.307346, 80.525989],
            [-85.14596, 80.521235],
            [-84.417813, 80.526506],
            [-84.219918, 80.537643],
            [-84.076516, 80.556143],
            [-83.885469, 80.60167],
            [-83.647344, 80.674146],
            [-83.401286, 80.713833],
            [-82.780058, 80.73608],
            [-82.498525, 80.762538],
            [-82.222314, 80.772589],
            [-82.336597, 80.728664],
            [-82.768405, 80.630763],
            [-82.884289, 80.57733],
            [-82.612833, 80.558804],
            [-82.368352, 80.56144],
            [-81.552924, 80.622831],
            [-81.301027, 80.627069],
            [-81.006807, 80.655103],
            [-80.133682, 80.764114],
            [-79.761147, 80.841913],
            [-79.606634, 80.881601],
            [-79.545242, 80.909119],
            [-79.476978, 80.960976],
            [-79.402383, 81.03663],
            [-79.309236, 81.089004],
            [-79.198132, 81.117607],
            [-79.072713, 81.127658],
            [-78.93143, 81.119183],
            [-78.734052, 81.150913],
            [-78.351982, 81.258865],
            [-77.972574, 81.33085],
            [-76.885121, 81.430327],
            [-77.030641, 81.385885],
            [-77.536011, 81.321316],
            [-78.286896, 81.167862],
            [-78.464172, 81.114429],
            [-78.629278, 81.043503],
            [-78.681652, 81.00118],
            [-78.716042, 80.951442],
            [-78.550936, 80.921288],
            [-78.003786, 80.904881],
            [-77.389431, 80.905398],
            [-77.118491, 80.896406],
            [-76.850213, 80.878423],
            [-76.8629, 80.864651],
            [-77.169289, 80.842973],
            [-77.506891, 80.835015],
            [-78.386373, 80.784217],
            [-79.629398, 80.647687],
            [-79.674382, 80.625467],
            [-80.051129, 80.528625],
            [-80.979832, 80.445038],
            [-82.536094, 80.375714],
            [-82.784812, 80.35401],
            [-82.986945, 80.322798],
            [-82.961029, 80.277788],
            [-82.681098, 80.175158],
            [-82.332385, 80.066121],
            [-81.860347, 79.957135],
            [-81.644468, 79.890473],
            [-81.358698, 79.787792],
            [-81.179329, 79.733299],
            [-81.009985, 79.693069],
            [-80.714189, 79.675085],
            [-80.287678, 79.678806],
            [-80.12469, 79.669246],
            [-80.270728, 79.635398],
            [-80.476064, 79.606304],
            [-80.667603, 79.601007],
            [-81.03802, 79.614236],
            [-81.462955, 79.653924],
            [-81.688367, 79.685679],
            [-81.855592, 79.722705],
            [-82.048733, 79.783037],
            [-82.376827, 79.908456],
            [-82.677403, 79.992585],
            [-83.004411, 80.054494],
            [-83.343615, 80.147098],
            [-83.72354, 80.229108],
            [-84.056388, 80.261923],
            [-84.675524, 80.278873],
            [-85.159706, 80.272],
            [-86.306949, 80.319077],
            [-86.498513, 80.258228],
            [-86.614398, 80.123275],
            [-86.494276, 80.017984],
            [-86.420714, 79.844946],
            [-86.146597, 79.742833],
            [-86.031255, 79.722163],
            [-85.674067, 79.702086],
            [-85.678822, 79.615296],
            [-85.750781, 79.594651],
            [-85.803698, 79.572973],
            [-85.949219, 79.486156],
            [-86.006915, 79.479309],
            [-86.085748, 79.551269],
            [-86.180471, 79.605219],
            [-86.232328, 79.622169],
            [-86.337102, 79.634881],
            [-86.648788, 79.645992],
            [-86.860972, 79.597829],
            [-86.924999, 79.590956],
            [-87.243041, 79.571371],
            [-87.295415, 79.580362],
            [-87.220278, 79.630101],
            [-87.144081, 79.662399],
            [-87.049358, 79.805258],
            [-86.977399, 79.894142],
            [-87.076359, 79.967186],
            [-87.202294, 80.043383],
            [-87.32823, 80.046561],
            [-87.651569, 80.07935],
            [-87.860575, 80.087308],
            [-87.922483, 80.097902],
            [-87.86905, 80.133869],
            [-87.625628, 80.187302],
            [-87.618212, 80.20743],
            [-87.630382, 80.30161],
            [-87.64573, 80.348171],
            [-87.67485, 80.371994],
            [-87.960052, 80.415402],
            [-88.125158, 80.42969],
            [-88.424132, 80.428088],
            [-88.524694, 80.418037],
            [-88.643757, 80.386825],
            [-88.663316, 80.348171],
            [-88.646392, 80.289983],
            [-88.612518, 80.255567],
            [-88.38075, 80.225414],
            [-88.255331, 80.166683],
            [-88.196601, 80.12542],
            [-88.199779, 80.111648],
            [-88.329409, 80.133869],
            [-88.537381, 80.131233],
            [-88.857516, 80.166166],
            [-89.019445, 80.198413],
            [-89.198323, 80.262982],
            [-89.217882, 80.289441],
            [-89.147499, 80.360367],
            [-89.154914, 80.37835],
            [-89.196721, 80.394215],
            [-89.204136, 80.406927],
            [-89.13427, 80.440258],
            [-89.138507, 80.457208],
            [-89.167084, 80.479429],
            [-89.235349, 80.510642],
            [-89.329012, 80.531803],
            [-89.524814, 80.538702],
            [-89.67403, 80.530744],
            [-89.797847, 80.501107],
            [-89.861874, 80.498472],
            [-90.217485, 80.54821],
            [-90.537104, 80.575728],
            [-90.642937, 80.593711],
            [-90.632344, 80.641874],
            [-90.636581, 80.655103],
            [-90.683141, 80.687892],
            [-91.054101, 80.77786],
            [-91.27264, 80.850362],
            [-91.754704, 81.049317],
            [-91.885419, 81.132955],
            [-91.997609, 81.185329],
            [-92.211911, 81.243517],
            [-92.412467, 81.278476],
            [-93.034781, 81.346198],
            [-93.115215, 81.350952],
            [-93.332695, 81.364181],
            [-93.604694, 81.350435],
            [-94.059757, 81.34935],
            [-94.179362, 81.339325],
            [-94.220109, 81.33085],
            [-94.232796, 81.314985],
            [-94.231219, 81.289586],
            [-94.218507, 81.264704],
            [-94.19471, 81.240881],
            [-94.110555, 81.225017],
            [-93.894677, 81.213389],
            [-93.406774, 81.209152],
            [-93.286135, 81.178973],
            [-93.235311, 81.15515],
            [-93.235854, 81.128692],
            [-93.286652, 81.100115],
            [-93.344865, 81.085309],
            [-93.443826, 81.083191],
            [-93.82587, 81.105954],
            [-94.216388, 81.057275],
            [-94.5196, 81.031333],
            [-94.980528, 81.049859],
            [-95.269967, 81.000663],
            [-95.509152, 80.863075],
            [-95.514965, 80.838193],
            [-95.195889, 80.808039],
            [-94.788421, 80.751402],
            [-94.596339, 80.640815],
            [-94.2021, 80.609602],
            [-94.028544, 80.586296],
            [-93.928008, 80.559321],
            [-94.485209, 80.558261],
            [-94.734445, 80.57255],
            [-94.892678, 80.570948],
            [-95.025486, 80.646628],
            [-95.226042, 80.685799],
            [-95.505457, 80.690553],
            [-95.713403, 80.725486],
            [-95.927188, 80.720732],
            [-96.133041, 80.691612],
            [-96.152084, 80.553507],
            [-95.901273, 80.470954],
            [-95.614468, 80.396333],
            [-95.548839, 80.366723],
            [-95.747277, 80.365121],
            [-96.01186, 80.383104],
            [-96.112397, 80.380469],
            [-96.334657, 80.352951],
            [-96.385455, 80.332823],
            [-96.39393, 80.31484],
            [-96.368531, 80.293135],
            [-96.308199, 80.26722],
            [-96.215052, 80.246058],
            [-96.025632, 80.221719],
            [-95.903908, 80.214303],
            [-95.646198, 80.23071],
            [-95.404895, 80.134928],
            [-95.192194, 80.134385],
            [-94.589983, 80.201617],
            [-94.262432, 80.194744],
            [-94.304238, 80.181514],
            [-94.582593, 80.141284],
            [-94.606933, 80.12542],
            [-94.612747, 80.103173],
            [-94.600034, 80.073562],
            [-94.610628, 80.055553],
            [-94.646078, 80.04868],
            [-95.393784, 80.053434],
            [-95.78221, 80.066664],
            [-96.773338, 80.135987],
            [-96.846357, 80.115885],
            [-98.963024, 80.168802],
            [-98.978888, 80.102139],
            [-99.016457, 80.111131],
            [-99.152986, 80.12436],
            [-99.424985, 80.126479],
            [-99.731375, 80.14392],
            [-99.802817, 80.140225],
            [-100.053112, 80.093122],
            [-100.078511, 80.080952],
            [-100.120317, 80.030154],
            [-100.126131, 80.00106],
            [-100.233024, 79.957135],
            [-103.61969, 79.375052],
            [-103.623928, 79.341721],
            [-103.706481, 79.352289],
            [-103.964708, 79.348077],
            [-104.847367, 79.311025],
            [-105.387644, 79.323711],
            [-105.435781, 79.302033],
            [-105.514639, 79.242244],
            [-105.571251, 79.164445],
            [-105.580242, 79.114164],
            [-105.570734, 79.060704],
            [-105.630524, 79.004635],
            [-110.393024, 78.792969],
            [-110.400439, 78.754857],
            [-110.407829, 78.756433],
            [-110.617919, 78.758035],
            [-110.877749, 78.735298],
            [-111.071406, 78.708297],
            [-111.400559, 78.64427],
            [-111.519622, 78.603006],
            [-111.708525, 78.574946],
            [-112.213894, 78.547971],
            [-112.640923, 78.499808],
            [-112.855767, 78.466994],
            [-113.149987, 78.408263],
            [-113.281736, 78.352711],
            [-113.29233, 78.334185],
            [-113.30344, 78.316719],
            [-113.77969, 77.946302],
            [-113.783385, 77.905038],
            [-113.897693, 77.915606],
            [-114.087139, 77.978031],
            [-114.180803, 77.998159],
            [-114.279763, 78.00449],
            [-114.303043, 78.03255],
            [-114.296687, 78.063246],
            [-114.330561, 78.077534],
            [-114.606772, 78.040482],
            [-114.726377, 78.0156],
            [-114.789344, 77.992862],
            [-114.890424, 77.976998],
            [-115.029588, 77.967463],
            [-115.028529, 77.966404],
            [-115.04969, 77.946302],
            [-116.31969, 77.575885],
            [-116.326563, 77.536715],
            [-116.362556, 77.543071],
            [-116.511255, 77.547851],
            [-116.835111, 77.528782],
            [-116.947275, 77.5039],
            [-117.039879, 77.465298],
            [-117.045718, 77.448865],
            [-117.029828, 77.431941],
            [-116.766304, 77.398067],
            [-116.703853, 77.380083],
            [-116.795424, 77.346752],
            [-116.84356, 77.339336],
            [-117.061583, 77.348354],
            [-117.14889, 77.361041],
            [-117.210799, 77.331404],
            [-117.279063, 77.313421],
            [-117.418771, 77.317658],
            [-118.005091, 77.381143],
            [-118.820003, 77.332463],
            [-119.0904, 77.304946],
            [-119.323771, 77.240919],
            [-119.49469, 77.176892],
            [-119.831233, 77.073694],
            [-120.200074, 76.931351],
            [-120.310661, 76.90435],
            [-120.357764, 76.886909],
            [-120.437656, 76.816526],
            [-120.485302, 76.793246],
            [-120.997518, 76.69165],
            [-121.101776, 76.660954],
            [-121.203888, 76.622326],
            [-121.561076, 76.453525],
            [-121.613992, 76.441329],
            [-122.365419, 76.401125],
            [-122.42309, 76.390015],
            [-122.505643, 76.358285],
            [-122.512, 76.375183],
            [-156.411481, 71.399441],
            [-156.470211, 71.407916],
            [-156.470211, 71.408458],
            [-177.503527, 71.208419],
            [-177.49823, 71.219012],
            [-177.532104, 71.262937],
            [-177.583961, 71.281437],
            [-177.816789, 71.340194],
            [-177.975023, 71.390449],
            [-178.056516, 71.437552],
            [-178.133773, 71.465586],
            [-178.214724, 71.481477],
            [-178.353372, 71.529097],
            [-178.439103, 71.541267],
            [-178.876182, 71.577233],
            [-178.994185, 71.593124],
            [-179.111672, 71.596302],
            [-179.25665, 71.571962],
            [-179.402171, 71.566666],
            [-179.546632, 71.582556],
            [-179.691094, 71.577776],
            [-179.845089, 71.550775],
            [-180, 71.537558],
            [-180, 90],
            [179.999897, 90],
            [179.999897, 71.537546],
            [179.886622, 71.523283],
            [179.715677, 71.466129],
            [179.54747, 71.447603],
            [179.527885, 71.440187]
          ],
          [
            [18.162179, 80.288381],
            [18.525206, 80.245541],
            [18.741626, 80.301094],
            [18.519366, 80.348171],
            [18.291835, 80.358248],
            [18.205587, 80.331789],
            [18.162179, 80.288381]
          ]
        ]
      }
    },
    {
      "type": "Feature",
      "properties": { "globee_ocean": "Southern Ocean", "source_name": "Southern Ocean" },
      "geometry": {
        "type": "Polygon",
        "coordinates": [
          [
            [-57.654692, -61.972754],
            [-57.676371, -61.942059],
            [-57.737762, -61.92144],
            [-57.849409, -61.93994],
            [-57.978549, -61.911931],
            [-58.265353, -61.953169],
            [-58.399221, -61.93839],
            [-58.683389, -62.008204],
            [-58.709305, -62.04474],
            [-58.955388, -62.164319],
            [-59.003525, -62.209846],
            [-58.818859, -62.171192],
            [-58.757467, -62.205092],
            [-58.977066, -62.25589],
            [-58.962261, -62.263796],
            [-58.878649, -62.268034],
            [-58.837902, -62.30245],
            [-59.05962, -62.347977],
            [-59.174445, -62.301933],
            [-59.382416, -62.381308],
            [-59.353323, -62.413038],
            [-59.389289, -62.44425],
            [-59.525302, -62.451692],
            [-59.541166, -62.442131],
            [-60.002611, -62.618348],
            [-60.139657, -62.548482],
            [-60.576219, -62.572873],
            [-60.624899, -62.56016],
            [-60.731791, -62.490811],
            [-60.799513, -62.474946],
            [-60.837625, -62.533702],
            [-60.974671, -62.59189],
            [-61.152489, -62.589254],
            [-61.149828, -62.634213],
            [-61.06358, -62.678706],
            [-62.344174, -62.917865],
            [-62.411353, -62.971815],
            [-62.615087, -63.069225],
            [-63.485577, -64.260367],
            [-63.534256, -64.273079],
            [-63.605699, -64.314317],
            [-63.682955, -64.342894],
            [-63.675956, -64.362378],
            [-63.668124, -64.384183],
            [-63.67448, -64.421235],
            [-63.786258, -64.437859],
            [-63.916326, -64.457202],
            [-63.89674, -64.486865],
            [-63.867104, -64.509602],
            [-63.903975, -64.518404],
            [-64.170832, -64.582104],
            [-64.22641, -64.635538],
            [-64.271911, -64.697446],
            [-64.183544, -64.709642],
            [-64.099415, -64.732896],
            [-64.007328, -64.768346],
            [-63.804136, -64.791652],
            [-63.760211, -65.033498],
            [-63.912605, -65.093287],
            [-64.038024, -65.179019],
            [-64.071355, -65.278496],
            [-64.051253, -65.417144],
            [-63.907851, -65.467373],
            [-63.79778, -65.480602],
            [-63.817882, -65.5314],
            [-63.86235, -65.55574],
            [-64.066058, -65.553621],
            [-64.132204, -65.570571],
            [-64.17985, -65.617131],
            [-64.213698, -65.632996],
            [-64.439136, -65.640438],
            [-64.416915, -65.680125],
            [-64.389914, -65.708702],
            [-64.435415, -65.768492],
            [-64.474586, -65.781204],
            [-64.646565, -65.747873],
            [-64.673024, -65.814019],
            [-64.653438, -65.866935],
            [-64.547605, -65.900267],
            [-64.514274, -65.959539],
            [-64.613751, -66.019329],
            [-64.721703, -65.992871],
            [-64.998999, -65.94631],
            [-65.104832, -65.957938],
            [-65.267277, -65.994421],
            [-65.222292, -66.068525],
            [-65.172037, -66.116688],
            [-65.316499, -66.139942],
            [-65.465198, -66.1294],
            [-65.617049, -66.135188],
            [-65.717611, -66.25425],
            [-65.774739, -66.28815],
            [-65.775799, -66.342617],
            [-65.67844, -66.402975],
            [-65.718128, -66.573352],
            [-65.76629, -66.624667],
            [-65.847241, -66.650092],
            [-65.953617, -66.645854],
            [-66.181665, -66.592421],
            [-66.306567, -66.591852],
            [-66.371111, -66.608802],
            [-66.503403, -66.689779],
            [-66.526683, -66.740577],
            [-66.464775, -66.875504],
            [-66.501827, -66.940048],
            [-66.533039, -66.979219],
            [-66.515056, -67.062315],
            [-66.490716, -67.114146],
            [-66.47219, -67.242769],
            [-66.498649, -67.289329],
            [-66.551565, -67.262871],
            [-66.609779, -67.208352],
            [-66.757418, -67.232692],
            [-66.836251, -67.282456],
            [-66.902397, -67.255998],
            [-66.885989, -67.179775],
            [-66.928855, -67.143808],
            [-66.955313, -66.985058],
            [-67.034688, -66.945371],
            [-67.160107, -66.951727],
            [-67.299272, -67.070789],
            [-67.440555, -67.090892],
            [-67.493472, -67.112544],
            [-67.502489, -67.137452],
            [-67.708316, -67.157037],
            [-67.687698, -67.147477],
            [-67.761233, -67.123138],
            [-67.827922, -67.0819],
            [-67.876058, -67.062315],
            [-67.949103, -67.044848],
            [-67.968146, -67.032136],
            [-67.969205, -66.981854],
            [-67.932153, -66.844292],
            [-67.740614, -66.746365],
            [-67.681341, -66.708796],
            [-67.710978, -66.633142],
            [-67.830557, -66.62415],
            [-67.93745, -66.656965],
            [-68.04858, -66.697404],
            [-68.335927, -66.801969],
            [-68.416878, -66.853283],
            [-68.574568, -66.992448],
            [-68.656579, -67.070221],
            [-68.733318, -67.157037],
            [-68.820109, -67.233725],
            [-69.082574, -67.403069],
            [-69.132829, -67.452833],
            [-69.138126, -67.515258],
            [-69.137066, -67.518979],
            [-70.400736, -68.795852],
            [-70.417117, -68.788979],
            [-71.391322, -68.873625],
            [-71.869174, -68.940856],
            [-95.609688, -72.175129],
            [-95.609172, -72.068211],
            [-95.685368, -72.056583],
            [-95.906569, -72.122212],
            [-96.482297, -72.207375],
            [-96.71776, -72.255538],
            [-96.798737, -72.259258],
            [-96.890282, -72.247063],
            [-96.978649, -72.22169],
            [-96.715125, -72.131721],
            [-96.298148, -72.044956],
            [-96.125109, -71.895715],
            [-96.383336, -71.836442],
            [-96.869637, -71.851273],
            [-97.088719, -71.943877],
            [-97.154865, -72.045473],
            [-97.195612, -72.090948],
            [-97.242173, -72.131721],
            [-97.34537, -72.188875],
            [-97.460195, -72.188358],
            [-97.525799, -72.149188],
            [-97.581893, -72.095186],
            [-97.473425, -72.000463],
            [-97.584555, -71.882485],
            [-97.815781, -71.918969],
            [-97.923216, -72.116373],
            [-98.168214, -72.123246],
            [-98.176147, -72.018498],
            [-98.090958, -71.912664],
            [-98.189376, -71.82006],
            [-98.394169, -71.781406],
            [-98.61537, -71.76394],
            [-98.9646, -71.854425],
            [-99.082086, -71.932767],
            [-99.254065, -71.972454],
            [-99.56309, -71.944911],
            [-99.73507, -72.032761],
            [-99.783749, -72.044388],
            [-99.832971, -72.04599],
            [-99.985364, -71.93964],
            [-100.084867, -71.836959],
            [-100.218735, -71.832721],
            [-100.400765, -71.865536],
            [-102.127973, -71.985683],
            [-102.127973, -71.939123],
            [-107.165107, -71.939123],
            [-180, -71.939123],
            [-180, -60.533462],
            [-68.077674, -60.533462],
            [-68.04858, -60.533462],
            [-56.238758, -60.533462],
            [-55.655512, -60.533462],
            [-45.938405, -60.533462],
            [-45.956388, -60.568344],
            [-45.954812, -60.59749],
            [-45.937346, -60.61971],
            [-45.780198, -60.585811],
            [-45.709272, -60.6456],
            [-45.398128, -60.649838],
            [-45.173749, -60.732933],
            [-45.172715, -60.698517],
            [-45.186461, -60.672059],
            [-45.210801, -60.648287],
            [-45.228267, -60.639813],
            [-45.357381, -60.623948],
            [-45.386475, -60.582658],
            [-45.499724, -60.546692],
            [-45.610854, -60.533462],
            [-44.864724, -60.533462],
            [19.615837, -60.533462],
            [166.066381, -60.533462],
            [179.999897, -60.533462],
            [179.999897, -71.939123],
            [170.72992, -71.939123],
            [170.85906, -71.86874],
            [170.779685, -71.744871],
            [170.603468, -71.604156],
            [170.435726, -71.418948],
            [170.276976, -71.443804],
            [170.250518, -71.568706],
            [170.162151, -71.630615],
            [169.976943, -71.58085],
            [169.66368, -71.511552],
            [168.797894, -71.274977],
            [168.383087, -71.197204],
            [168.172505, -71.183458],
            [167.96611, -71.092456],
            [167.87826, -71.013081],
            [167.798885, -70.924663],
            [167.640135, -70.854331],
            [167.569235, -70.810406],
            [167.228997, -70.771235],
            [166.62676, -70.664317],
            [166.13201, -70.632588],
            [165.85368, -70.6453],
            [165.209172, -70.570679],
            [164.715972, -70.556365],
            [164.403226, -70.510373],
            [163.998393, -70.636308],
            [163.566637, -70.642096],
            [163.348614, -70.62096],
            [163.026359, -70.501329],
            [162.67496, -70.304494],
            [162.216176, -70.334156],
            [162.021976, -70.43999],
            [162.039443, -70.625198],
            [162.28656, -70.969156],
            [162.277568, -71.022073],
            [162.189718, -71.039539],
            [161.916143, -70.907248],
            [161.625101, -70.91624],
            [161.424545, -70.826788],
            [161.037179, -70.317206],
            [160.826597, -70.182279],
            [160.651982, -70.080683],
            [160.209581, -69.97485],
            [160.125968, -69.839871],
            [160.125968, -69.734038],
            [159.930734, -69.630323],
            [159.784128, -69.521854],
            [159.38622, -69.468421],
            [158.646885, -69.320265],
            [158.432635, -69.299594],
            [158.158026, -69.209109],
            [157.93251, -69.180532],
            [157.775931, -69.204871],
            [157.48122, -69.308586],
            [157.046156, -69.176294],
            [156.488464, -69.183219],
            [156.01118, -69.077902],
            [155.520099, -69.024469],
            [155.163997, -68.894813],
            [154.987212, -68.841379],
            [154.866031, -68.774148],
            [154.576074, -68.634467],
            [154.199818, -68.418046],
            [154.03156, -68.349781],
            [153.90826, -68.323323],
            [153.784443, -68.349781],
            [153.792401, -68.493183],
            [153.766976, -68.640823],
            [153.705068, -68.728621],
            [153.495468, -68.764123],
            [153.339922, -68.818073],
            [153.081644, -68.856727],
            [152.81396, -68.767792],
            [152.545656, -68.729706],
            [152.265156, -68.725469],
            [151.561943, -68.69374],
            [151.447635, -68.764123],
            [151.288885, -68.817039],
            [151.13861, -68.764123],
            [151.121143, -68.622788],
            [151.068226, -68.384663],
            [150.935935, -68.358204],
            [150.671868, -68.402698],
            [150.342224, -68.436029],
            [150.065394, -68.420164],
            [149.716733, -68.418046],
            [149.262703, -68.431275],
            [148.88066, -68.431275],
            [148.456241, -68.467242],
            [147.568802, -68.375154],
            [147.353983, -68.384146],
            [147.093637, -68.368798],
            [146.797841, -68.273558],
            [146.878301, -68.191031],
            [146.896801, -68.120079],
            [146.85236, -68.040704],
            [146.827968, -67.964533],
            [146.276633, -67.750748],
            [145.974997, -67.624296],
            [145.556418, -67.590913],
            [145.127814, -67.625846],
            [144.879095, -67.721086],
            [144.404447, -67.794156],
            [144.18906, -67.89999],
            [143.977393, -67.864539],
            [143.941943, -67.794156],
            [144.15361, -67.643829],
            [144.259443, -67.478775],
            [144.515551, -67.282456],
            [144.621385, -67.141121],
            [144.550485, -67.035288],
            [144.34781, -67.017873],
            [144.117643, -67.087688],
            [143.911247, -67.090892],
            [143.862568, -66.938498],
            [143.730276, -66.876538],
            [143.448226, -66.876538],
            [143.16876, -66.948523],
            [142.888364, -66.999838],
            [142.687239, -67.01255],
            [142.326383, -66.948523],
            [142.159158, -66.873386],
            [141.972864, -66.806723],
            [141.517285, -66.794011],
            [141.286033, -66.831579],
            [140.90187, -66.752204],
            [139.900174, -66.715152],
            [139.61337, -66.637379],
            [139.241868, -66.573869],
            [138.376701, -66.540538],
            [138.270868, -66.56436],
            [138.140178, -66.54369],
            [137.925824, -66.456925],
            [137.753845, -66.406644],
            [137.336351, -66.346338],
            [136.889144, -66.339465],
            [136.739385, -66.407729],
            [136.553143, -66.438942],
            [136.193889, -66.292336],
            [136.009197, -66.266963],
            [135.554651, -66.180198],
            [135.351976, -66.127281],
            [134.971483, -66.329956],
            [134.769893, -66.353211],
            [134.397823, -66.479663],
            [134.289406, -66.476511],
            [134.231735, -66.347371],
            [134.178818, -66.277039],
            [133.957643, -66.204537],
            [133.842818, -66.15374],
            [133.444341, -66.081754],
            [133.148545, -66.094983],
            [132.874401, -66.178079],
            [132.320378, -66.165367],
            [131.830899, -66.23575],
            [131.231866, -66.215648],
            [130.951935, -66.191308],
            [130.578366, -66.208775],
            [126.423891, -66.462248],
            [126.077297, -66.395534],
            [125.86563, -66.364321],
            [125.603114, -66.393415],
            [125.397804, -66.424627],
            [125.286182, -66.515681],
            [125.095135, -66.6411],
            [124.82156, -66.694533],
            [124.597697, -66.708279],
            [124.370734, -66.65221],
            [124.196068, -66.600844],
            [123.969054, -66.608285],
            [123.666385, -66.677067],
            [123.221864, -66.745331],
            [122.632908, -66.805121],
            [122.182599, -66.85964],
            [122.032841, -66.901963],
            [121.613228, -67.056992],
            [121.48781, -67.090892],
            [120.978745, -67.13585],
            [120.400383, -67.235844],
            [119.133018, -67.370823],
            [118.921868, -67.319456],
            [119.280658, -67.19936],
            [119.953743, -67.07606],
            [120.374906, -66.983973],
            [120.289227, -66.966506],
            [120.187114, -66.96599],
            [119.768018, -66.991414],
            [119.318226, -67.070789],
            [118.96476, -67.144842],
            [118.713922, -67.171817],
            [118.519205, -67.160706],
            [118.326039, -67.115231],
            [118.138712, -67.082417],
            [117.951901, -67.085569],
            [117.744989, -67.12846],
            [117.297885, -67.109392],
            [117.131693, -67.114146],
            [116.923747, -67.055442],
            [116.713682, -67.046967],
            [116.508889, -67.10779],
            [116.214643, -67.142723],
            [115.884999, -67.201996],
            [115.38441, -67.237963],
            [115.171658, -67.307829],
            [114.925626, -67.356508],
            [114.657839, -67.387721],
            [114.319203, -67.405704],
            [114.02656, -67.441206],
            [113.912251, -67.367619],
            [113.99111, -67.212073],
            [114.25993, -67.172385],
            [114.570557, -67.108358],
            [115.273822, -67.027898],
            [115.442081, -66.958032],
            [115.635247, -66.771273],
            [115.310306, -66.56064],
            [115.082258, -66.492892],
            [114.869506, -66.477027],
            [114.61872, -66.468036],
            [114.337187, -66.360084],
            [113.954574, -66.060567],
            [113.709576, -65.92936],
            [113.502147, -65.886469],
            [113.367685, -65.8489],
            [113.099484, -65.799704],
            [112.964506, -65.811331],
            [108.876176, -64.046581],
            [99.501451, -63.154956],
            [92.635514, -63.320011],
            [85.419262, -65.072617],
            [83.738641, -67.351754],
            [83.493643, -67.441206],
            [83.304197, -67.603108],
            [83.157643, -67.610498],
            [82.606772, -67.613185],
            [82.273407, -67.691475],
            [82.017247, -67.689873],
            [81.187531, -67.831157],
            [80.363085, -67.947067],
            [79.287802, -68.119046],
            [79.138612, -68.152377],
            [69.579712, -67.785164],
            [69.559093, -67.76346],
            [69.416208, -67.74279],
            [69.166972, -67.824852],
            [68.899753, -67.861852],
            [68.327747, -67.889396],
            [68.098614, -67.853946],
            [67.502216, -67.810021],
            [67.174691, -67.768215],
            [66.488324, -67.765579],
            [65.707287, -67.716331],
            [64.573816, -67.620575],
            [63.931426, -67.525852],
            [63.699089, -67.508386],
            [63.23767, -67.526886],
            [63.017529, -67.561819],
            [62.687885, -67.64755],
            [62.174066, -67.575565],
            [61.308847, -67.540115],
            [61.012018, -67.499394],
            [60.481766, -67.385086],
            [59.867385, -67.403069],
            [59.650447, -67.458621],
            [59.250937, -67.485079],
            [58.737635, -67.229539],
            [58.317505, -67.162825],
            [58.02698, -67.103552],
            [57.828026, -67.041127],
            [57.62747, -67.014152],
            [57.361285, -67.052754],
            [56.891908, -67.056475],
            [56.760133, -67.073425],
            [56.562212, -67.115748],
            [56.365893, -67.21259],
            [56.154795, -67.264421],
            [55.802878, -67.19936],
            [56.391318, -66.973948],
            [56.479685, -66.859123],
            [56.453226, -66.779748],
            [56.291841, -66.720992],
            [56.145803, -66.626269],
            [56.294476, -66.603531],
            [56.509864, -66.659083],
            [56.823643, -66.712517],
            [56.98663, -66.704559],
            [57.185585, -66.61304],
            [57.000376, -66.474909],
            [56.85961, -66.423594],
            [56.361656, -66.372796],
            [55.974341, -66.209292],
            [55.710274, -66.080152],
            [55.504447, -66.002379],
            [55.290662, -65.954217],
            [54.947737, -65.916131],
            [53.671949, -65.85846],
            [52.955455, -65.945225],
            [52.378126, -65.969048],
            [51.88441, -66.019846],
            [51.687574, -66.072246],
            [50.936664, -66.315642],
            [50.588468, -66.356414],
            [50.33236, -66.444781],
            [50.24451, -66.603531],
            [50.305901, -66.753289],
            [50.52072, -66.819952],
            [50.509093, -66.938498],
            [50.605935, -67.150164],
            [50.553018, -67.194038],
            [50.293189, -67.172385],
            [50.006385, -67.175021],
            [49.488845, -67.031102],
            [49.247051, -66.94165],
            [48.830074, -66.938498],
            [48.465445, -67.043246],
            [48.598254, -67.1713],
            [48.713647, -67.216827],
            [48.923195, -67.199877],
            [49.219508, -67.226852],
            [49.052851, -67.352271],
            [48.630551, -67.520581],
            [48.619958, -67.625329],
            [48.648018, -67.794156],
            [48.551176, -67.926448],
            [48.374443, -67.987788],
            [48.321526, -67.917456],
            [48.321526, -67.785164],
            [48.209854, -67.699433],
            [47.958499, -67.660263],
            [47.703476, -67.716331],
            [47.489691, -67.72801],
            [47.313991, -67.665017],
            [47.117155, -67.572413],
            [47.231464, -67.468181],
            [47.402874, -67.409425],
            [47.35156, -67.361831],
            [47.154156, -67.357025],
            [46.883785, -67.275015],
            [46.559928, -67.268142],
            [46.454095, -67.303592],
            [46.317566, -67.402035],
            [46.319685, -67.476656],
            [46.436628, -67.533242],
            [46.39906, -67.617371],
            [46.154062, -67.657059],
            [45.887876, -67.659746],
            [45.569343, -67.736434],
            [45.196807, -67.731163],
            [44.989378, -67.769248],
            [44.699887, -67.904227],
            [44.372878, -67.961329],
            [44.177593, -67.97244],
            [43.554272, -68.04551],
            [43.171143, -68.059773],
            [42.961078, -68.095223],
            [42.819795, -68.123283],
            [42.408606, -68.3519],
            [41.824404, -68.432825],
            [41.356628, -68.514836],
            [41.132818, -68.575194],
            [40.816868, -68.72335],
            [40.65233, -68.73074],
            [40.65233, -68.728621],
            [34.200734, -68.728621],
            [34.192776, -68.702163],
            [33.853572, -68.683146],
            [33.465689, -68.670433],
            [33.121731, -68.688934],
            [32.77617, -68.78314],
            [32.64176, -68.868871],
            [32.567708, -69.074181],
            [32.738085, -69.254636],
            [32.903191, -69.378452],
            [32.97621, -69.5171],
            [32.989439, -69.624019],
            [32.911666, -69.733521],
            [32.81007, -69.909221],
            [32.621141, -70.00074],
            [32.456552, -70.026165],
            [32.159722, -70.0997],
            [31.378685, -70.225636],
            [31.062735, -70.224602],
            [30.83417, -70.246306],
            [30.003368, -70.300256],
            [29.463608, -70.40609],
            [28.911703, -70.583392],
            [28.386206, -70.681784],
            [27.697772, -70.772269],
            [27.508843, -70.813558],
            [27.206691, -70.910917],
            [26.917768, -70.953808],
            [26.754264, -70.967554],
            [26.498672, -71.019386],
            [25.97426, -71.037421],
            [25.649887, -70.990809],
            [25.187435, -70.971275],
            [24.75666, -70.8919],
            [24.588401, -70.820431],
            [24.385726, -70.704573],
            [24.385726, -70.536831],
            [24.235968, -70.448413],
            [24.024301, -70.413531],
            [23.803643, -70.404539],
            [23.664995, -70.574917],
            [23.406768, -70.723073],
            [23.150143, -70.796092],
            [22.979197, -70.810406],
            [22.445276, -70.739454],
            [22.278051, -70.695581],
            [22.23361, -70.642664],
            [22.396597, -70.561171],
            [22.365901, -70.474871],
            [22.215626, -70.4172],
            [21.962153, -70.300256],
            [21.848879, -70.277002],
            [21.70496, -70.25845],
            [21.337179, -70.495025],
            [21.18587, -70.68075],
            [21.071045, -70.843169],
            [20.128053, -70.91779],
            [19.944447, -70.9104],
            [19.651803, -70.920477],
            [19.409441, -70.916756],
            [19.265005, -70.902442],
            [19.152816, -70.820948],
            [19.026312, -70.673877],
            [19.132145, -70.491821],
            [19.196172, -70.293383],
            [19.009414, -70.21189],
            [18.877122, -70.201296],
            [18.627318, -70.269561],
            [18.432601, -70.289663],
            [18.351108, -70.41565],
            [18.232045, -70.518279],
            [18.12461, -70.5405],
            [17.166839, -70.4511],
            [16.709089, -70.397098],
            [16.584755, -70.203983],
            [16.381047, -70.145227],
            [16.02541, -70.19339],
            [15.80687, -70.324079],
            [15.562906, -70.330952],
            [15.063918, -70.294985],
            [14.491912, -70.29974],
            [13.822495, -70.343148],
            [13.532539, -70.287544],
            [13.298083, -70.229356],
            [13.065797, -70.053657],
            [12.626031, -70.065852],
            [12.595387, -70.117167],
            [12.723441, -70.143625],
            [12.864724, -70.162177],
            [12.929268, -70.213492],
            [12.682151, -70.308731],
            [12.461493, -70.370123],
            [12.309099, -70.443142],
            [12.06777, -70.616723],
            [11.833366, -70.736302],
            [11.701074, -70.766481],
            [11.203637, -70.728912],
            [10.968716, -70.687623],
            [10.217806, -70.507686],
            [9.885526, -70.402938],
            [9.613501, -70.269044],
            [9.141489, -70.183829],
            [8.817633, -70.390742],
            [8.522922, -70.473838],
            [8.306449, -70.461642],
            [7.676772, -70.356377],
            [7.401078, -70.494456],
            [6.950718, -70.535229],
            [6.507851, -70.586544],
            [5.643718, -70.636308],
            [5.112949, -70.655894],
            [3.506949, -70.844254],
            [2.609484, -70.900323],
            [1.908855, -71.003521],
            [1.552185, -71.080261],
            [0.835174, -71.202475],
            [0.538293, -71.274461],
            [0.15413, -71.397761],
            [-0.184531, -71.558629],
            [-0.326874, -71.641725],
            [-0.54332, -71.712625],
            [-0.759741, -71.630046],
            [-0.840176, -71.539561],
            [-0.895728, -71.349081],
            [-1.067707, -71.265469],
            [-1.216406, -71.283969],
            [-1.353995, -71.38665],
            [-1.500575, -71.412592],
            [-2.014419, -71.433211],
            [-2.26151, -71.357039],
            [-2.610249, -71.320504],
            [-2.811864, -71.321021],
            [-3.239409, -71.360192],
            [-3.713024, -71.374454],
            [-3.995074, -71.339004],
            [-4.253301, -71.338488],
            [-4.450162, -71.327894],
            [-5.949812, -71.341692],
            [-6.117554, -71.325775],
            [-6.126571, -71.265469],
            [-6.080528, -71.154365],
            [-5.903794, -71.051683],
            [-5.708509, -70.968071],
            [-5.58787, -70.856967],
            [-5.694763, -70.745294],
            [-5.93604, -70.712479],
            [-6.245091, -70.755888],
            [-6.547243, -70.816711],
            [-6.838285, -70.844254],
            [-7.031426, -70.835263],
            [-7.388096, -70.7871],
            [-7.619865, -70.828906],
            [-7.752674, -70.842652],
            [-7.854812, -70.884459],
            [-7.873338, -70.940579],
            [-7.756911, -71.017267],
            [-7.617747, -71.12155],
            [-7.590229, -71.223663],
            [-7.669061, -71.324225],
            [-7.713529, -71.546434],
            [-7.915661, -71.635369],
            [-8.216237, -71.646996],
            [-8.497745, -71.675056],
            [-8.646443, -71.672938],
            [-8.966062, -71.361225],
            [-9.230646, -71.173898],
            [-9.402082, -71.117829],
            [-9.599486, -71.095608],
            [-9.887866, -71.027344],
            [-10.098474, -70.926265],
            [-10.270453, -70.935773],
            [-10.359905, -70.982385],
            [-10.330785, -71.024192],
            [-10.122297, -71.060675],
            [-10.033387, -71.130542],
            [-10.039201, -71.13266],
            [-11.926217, -71.13266],
            [-61.066215, -71.13266],
            [-61.251424, -71.002487],
            [-61.312815, -70.86756],
            [-61.513372, -70.851127],
            [-61.702275, -70.856967],
            [-61.961044, -70.900892],
            [-62.040419, -70.801414],
            [-61.994376, -70.728912],
            [-61.809167, -70.70881],
            [-61.696461, -70.675996],
            [-61.605433, -70.616723],
            [-61.491667, -70.570162],
            [-61.504897, -70.490787],
            [-62.000732, -70.497144],
            [-62.232501, -70.424642],
            [-62.378022, -70.364852],
            [-62.331461, -70.279121],
            [-62.217695, -70.233077],
            [-62.013961, -70.279121],
            [-61.934586, -70.199746],
            [-61.961044, -70.120371],
            [-62.202348, -70.027767],
            [-62.407141, -69.82721],
            [-62.450524, -69.584331],
            [-62.587053, -69.477413],
            [-62.839983, -69.371579],
            [-62.993979, -69.32874],
            [-63.094515, -69.253034],
            [-63.301428, -69.140844],
            [-63.45594, -69.041935],
            [-63.478161, -68.951398],
            [-63.343751, -68.810683],
            [-63.442711, -68.764123],
            [-63.746982, -68.70485],
            [-63.77344, -68.631831],
            [-63.707294, -68.592144],
            [-63.347471, -68.499539],
            [-63.114617, -68.470394],
            [-62.97969, -68.48631],
            [-62.93313, -68.442385],
            [-63.05643, -68.420681],
            [-63.216756, -68.419079],
            [-63.796721, -68.469877],
            [-63.924258, -68.497421],
            [-64.169256, -68.582584],
            [-64.157086, -68.686815],
            [-64.078228, -68.770996],
            [-64.429085, -68.746088],
            [-64.898436, -68.673069],
            [-65.158265, -68.618034],
            [-65.241878, -68.5831],
            [-65.140282, -68.489463],
            [-65.054551, -68.449258],
            [-64.996337, -68.407969],
            [-65.089484, -68.3704],
            [-65.331304, -68.364044],
            [-65.451968, -68.336552],
            [-65.365178, -68.287304],
            [-64.895801, -68.168242],
            [-64.829655, -68.127521],
            [-64.853478, -68.083079],
            [-64.88469, -68.056621],
            [-64.958768, -68.067731],
            [-65.218055, -68.140233],
            [-65.387399, -68.150258],
            [-65.546149, -68.146538],
            [-65.63927, -68.130673],
            [-65.550903, -68.048146],
            [-65.469409, -68.009492],
            [-65.527623, -67.930117],
            [-65.600125, -67.87565],
            [-65.589014, -67.816377],
            [-65.574183, -67.788317],
            [-65.418094, -67.659746],
            [-65.446672, -67.609981],
            [-65.471011, -67.587761],
            [-65.503826, -67.527971],
            [-65.523385, -67.444358],
            [-65.503283, -67.377127],
            [-65.442951, -67.326329],
            [-65.350347, -67.310982],
            [-65.248751, -67.342246],
            [-65.079433, -67.335373],
            [-64.819061, -67.307313],
            [-64.826477, -67.269227],
            [-64.858232, -67.242769],
            [-65.027033, -67.214192],
            [-64.950836, -67.183496],
            [-64.838647, -67.155952],
            [-64.78573, -67.123706],
            [-64.853995, -67.104638],
            [-64.878334, -67.024746],
            [-64.793146, -66.971829],
            [-64.735475, -66.894004],
            [-64.686253, -66.806206],
            [-64.606878, -66.79985],
            [-64.553961, -66.851681],
            [-64.401025, -66.853283],
            [-64.042778, -66.927336],
            [-63.839586, -66.912039],
            [-63.754914, -66.872869],
            [-63.769203, -66.803002],
            [-63.80889, -66.760679],
            [-64.077711, -66.654329],
            [-64.01526, -66.606683],
            [-63.964462, -66.5887],
            [-63.880333, -66.506121],
            [-63.755457, -66.408763],
            [-63.654378, -66.382873],
            [-63.687709, -66.319879],
            [-63.752279, -66.277556],
            [-63.586656, -66.241538],
            [-63.448525, -66.243657],
            [-63.257503, -66.26381],
            [-63.179704, -66.352694],
            [-62.996614, -66.452688],
            [-62.704513, -66.680219],
            [-62.628859, -66.706161],
            [-62.536772, -66.707246],
            [-62.543128, -66.620998],
            [-62.655317, -66.555886],
            [-62.637308, -66.511444],
            [-62.617749, -66.48974],
            [-62.61563, -66.435789],
            [-62.650537, -66.363804],
            [-62.754794, -66.310371],
            [-62.682292, -66.237352],
            [-62.582815, -66.217767],
            [-62.493906, -66.219317],
            [-62.241492, -66.197096],
            [-62.116616, -66.208775],
            [-61.875313, -66.296056],
            [-61.841982, -66.402975],
            [-61.756251, -66.429433],
            [-61.696461, -66.343185],
            [-61.675816, -66.249496],
            [-61.526058, -66.225673],
            [-61.431878, -66.144748],
            [-61.29323, -66.16485],
            [-61.149828, -66.211927],
            [-61.13448, -66.290269],
            [-61.028647, -66.336829],
            [-60.942399, -66.26381],
            [-60.902711, -66.191308],
            [-61.009061, -66.110331],
            [-60.955628, -66.072246],
            [-60.856667, -66.065373],
            [-60.743961, -66.10506],
            [-60.624899, -66.032558],
            [-60.565626, -65.979642],
            [-60.618542, -65.933081],
            [-60.812742, -65.934115],
            [-60.912762, -65.920886],
            [-60.9879, -65.940471],
            [-61.03924, -65.991786],
            [-61.137658, -65.988633],
            [-61.19799, -65.974319],
            [-61.266255, -65.980158],
            [-61.359376, -66.059017],
            [-61.574763, -66.071677],
            [-61.625018, -66.094983],
            [-61.838804, -66.119323],
            [-62.004969, -66.112967],
            [-62.169016, -66.031473],
            [-62.29335, -65.916648],
            [-62.305003, -65.840477],
            [-62.22245, -65.774848],
            [-62.15049, -65.698625],
            [-61.991198, -65.589123],
            [-61.756251, -65.569537],
            [-61.795938, -65.522977],
            [-61.903374, -65.513417],
            [-62.053649, -65.456831],
            [-62.145193, -65.331929],
            [-62.084861, -65.273173],
            [-62.024555, -65.232452],
            [-61.947815, -65.192248],
            [-61.855728, -65.235604],
            [-61.663647, -65.238808],
            [-61.577399, -65.185892],
            [-61.736149, -65.033498],
            [-61.703334, -64.987454],
            [-61.60334, -64.987971],
            [-61.502778, -64.999598],
            [-61.439293, -65.017581],
            [-61.331858, -65.023938],
            [-61.059885, -64.981098],
            [-60.915424, -64.906994],
            [-60.659832, -64.729227],
            [-60.556117, -64.67631],
            [-60.393647, -64.609596],
            [-60.34073, -64.550892],
            [-60.242312, -64.546654],
            [-59.962924, -64.431261],
            [-59.850191, -64.433379],
            [-59.765003, -64.451414],
            [-59.734307, -64.558798],
            [-59.64594, -64.583706],
            [-59.573438, -64.530789],
            [-59.612066, -64.440252],
            [-59.54698, -64.35881],
            [-59.460732, -64.345581],
            [-59.369704, -64.403769],
            [-59.22948, -64.443456],
            [-59.050628, -64.451414],
            [-58.891878, -64.537662],
            [-58.786044, -64.524433],
            [-58.806147, -64.445058],
            [-58.895573, -64.388938],
            [-58.905107, -64.352454],
            [-58.819376, -64.339225],
            [-58.799274, -64.292664],
            [-58.92309, -64.279435],
            [-58.977066, -64.265638],
            [-59.04745, -64.234425],
            [-59.005127, -64.194738],
            [-58.838961, -64.186831],
            [-58.723077, -64.077277],
            [-58.532055, -63.915323],
            [-58.263234, -63.763498],
            [-57.856825, -63.656579],
            [-57.736703, -63.616892],
            [-57.581674, -63.546508],
            [-57.460492, -63.513694],
            [-57.283733, -63.49044],
            [-57.152501, -63.479329],
            [-57.097465, -63.523771],
            [-57.152501, -63.571933],
            [-57.119169, -63.638079],
            [-56.973649, -63.62485],
            [-56.835001, -63.631206],
            [-56.782084, -63.571933],
            [-56.927605, -63.505787],
            [-57.020752, -63.372927],
            [-57.076846, -63.26234],
            [-57.168391, -63.234848],
            [-56.464584, -63.415302],
            [-56.463008, -63.417938],
            [-56.378336, -63.437523],
            [-56.083057, -63.382487],
            [-56.008979, -63.341715],
            [-55.830643, -63.298358],
            [-55.750209, -63.296756],
            [-55.593578, -63.335927],
            [-55.327935, -63.345952],
            [-55.157015, -63.352825],
            [-55.075005, -63.324248],
            [-54.183871, -61.26949],
            [-54.709885, -61.139885],
            [-54.670714, -61.117096],
            [-55.387208, -61.072654],
            [-55.39986, -61.080623],
            [-55.369225, -61.14619],
            [-55.074912, -61.176804],
            [-55.16549, -61.220294],
            [-55.297239, -61.248354],
            [-55.299901, -61.246235],
            [-57.42344, -61.929915],
            [-57.654692, -61.972754]
          ],
          [
            [164.692149, -67.560269],
            [164.746151, -67.568692],
            [164.833433, -67.540683],
            [164.860408, -67.504148],
            [164.918647, -67.447511],
            [164.906968, -67.418417],
            [164.850383, -67.363898],
            [164.824906, -67.325813],
            [164.684191, -67.25915],
            [164.675199, -67.288761],
            [164.696387, -67.407823],
            [164.639233, -67.499911],
            [164.692149, -67.560269]
          ],
          [
            [162.297102, -66.303498],
            [162.326247, -66.347371],
            [162.302941, -66.399771],
            [162.511456, -66.519919],
            [162.556982, -66.52519],
            [162.611449, -66.477544],
            [162.563339, -66.432586],
            [162.310383, -66.251098],
            [162.301908, -66.264844],
            [162.297102, -66.303498]
          ],
          [
            [48.357493, -66.703525],
            [48.300907, -66.724144],
            [48.293983, -66.750086],
            [48.296102, -66.773908],
            [48.304576, -66.797731],
            [48.378164, -66.80724],
            [48.545905, -66.783934],
            [48.77447, -66.778146],
            [48.785581, -66.767552],
            [48.782428, -66.731017],
            [48.751216, -66.71939],
            [48.637941, -66.70089],
            [48.357493, -66.703525]
          ],
          [
            [26.425654, -70.060581],
            [26.30132, -70.072725],
            [25.982735, -70.199746],
            [25.954158, -70.261654],
            [25.964235, -70.294469],
            [26.005524, -70.372758],
            [26.357389, -70.43415],
            [26.470095, -70.447896],
            [26.608743, -70.412446],
            [26.792918, -70.419319],
            [26.857462, -70.381233],
            [26.874928, -70.329919],
            [26.737366, -70.185948],
            [26.685999, -70.114531],
            [26.605074, -70.077996],
            [26.425654, -70.060581]
          ],
          [
            [15.909551, -69.72825],
            [15.698918, -69.773209],
            [15.596805, -69.828244],
            [15.562389, -69.86266],
            [15.570864, -69.884881],
            [15.613755, -69.938831],
            [15.663468, -69.955265],
            [15.844956, -69.98224],
            [16.159303, -70.072208],
            [16.222814, -70.007664],
            [16.315418, -69.844677],
            [16.625477, -69.750471],
            [16.573645, -69.723496],
            [16.247153, -69.704944],
            [15.909551, -69.72825]
          ],
          [
            [4.07632, -70.325164],
            [4.129753, -70.416683],
            [4.179518, -70.4511],
            [4.365243, -70.502415],
            [4.526112, -70.478592],
            [4.590139, -70.432548],
            [4.617631, -70.368521],
            [4.586418, -70.294469],
            [4.494899, -70.251577],
            [4.256206, -70.240984],
            [4.11177, -70.266925],
            [4.069964, -70.290231],
            [4.07632, -70.325164]
          ],
          [
            [3.192601, -70.392861],
            [3.071937, -70.38175],
            [2.631705, -70.500296],
            [2.584576, -70.534712],
            [2.622714, -70.593417],
            [2.697851, -70.623596],
            [3.037004, -70.597138],
            [3.170897, -70.553729],
            [3.221178, -70.519365],
            [3.259781, -70.448981],
            [3.230687, -70.402938],
            [3.192601, -70.392861]
          ],
          [
            [1.412503, -70.040996],
            [1.315093, -70.022961],
            [1.026739, -70.049987],
            [0.949482, -70.093912],
            [0.952635, -70.16905],
            [0.990203, -70.224085],
            [1.104512, -70.303977],
            [1.156343, -70.378081],
            [1.211379, -70.381233],
            [1.299229, -70.255298],
            [1.461182, -70.135719],
            [1.412503, -70.040996]
          ],
          [
            [-3.574918, -70.702971],
            [-3.489187, -70.735785],
            [-3.007124, -70.851644],
            [-2.974826, -70.883425],
            [-2.963199, -70.940579],
            [-2.800728, -70.982385],
            [-2.804965, -71.014631],
            [-2.821915, -71.056438],
            [-2.825093, -71.112558],
            [-2.783287, -71.167594],
            [-2.606528, -71.141135],
            [-2.368945, -71.044294],
            [-2.293265, -70.99825],
            [-2.212857, -70.901408],
            [-2.119167, -70.855365],
            [-2.092192, -70.820948],
            [-2.255697, -70.796092],
            [-2.423438, -70.800329],
            [-2.532992, -70.767515],
            [-2.74993, -70.693979],
            [-3.039912, -70.674394],
            [-3.536807, -70.683386],
            [-3.574918, -70.702971]
          ],
          [
            [-3.490247, -70.508254],
            [-3.442084, -70.535746],
            [-3.280156, -70.533627],
            [-2.738303, -70.507169],
            [-2.682725, -70.46221],
            [-2.684327, -70.375962],
            [-2.713446, -70.320359],
            [-2.804965, -70.288629],
            [-2.949969, -70.279638],
            [-3.173263, -70.307129],
            [-3.287572, -70.344181],
            [-3.496603, -70.4881],
            [-3.490247, -70.508254]
          ],
          [
            [-3.212951, -71.076023],
            [-3.263232, -71.051683],
            [-3.398702, -71.062277],
            [-3.391829, -71.081294],
            [-3.403999, -71.119948],
            [-3.385473, -71.143254],
            [-3.309276, -71.200925],
            [-3.201324, -71.230019],
            [-3.060557, -71.236892],
            [-2.954724, -71.213586],
            [-3.191273, -71.095092],
            [-3.212951, -71.076023]
          ],
          [
            [-6.181064, -70.58551],
            [-6.156182, -70.6114],
            [-5.89426, -70.552127],
            [-5.94927, -70.432031],
            [-5.971516, -70.421438],
            [-6.068332, -70.404539],
            [-6.243489, -70.445777],
            [-6.438232, -70.45265],
            [-6.266253, -70.55006],
            [-6.181064, -70.58551]
          ],
          [
            [-56.210052, -63.436954],
            [-56.235451, -63.468735],
            [-56.178323, -63.513177],
            [-55.956579, -63.57984],
            [-55.87245, -63.535398],
            [-55.718997, -63.49199],
            [-55.761862, -63.422175],
            [-55.858161, -63.407344],
            [-56.210052, -63.436954]
          ],
          [
            [-57.022328, -64.352454],
            [-57.314429, -64.435498],
            [-57.365769, -64.438702],
            [-57.445661, -64.459838],
            [-57.44778, -64.488415],
            [-57.433491, -64.540298],
            [-57.326082, -64.570477],
            [-57.240351, -64.566756],
            [-56.991115, -64.467796],
            [-56.945072, -64.427023],
            [-56.951945, -64.381548],
            [-56.89479, -64.332869],
            [-57.022328, -64.352454]
          ],
          [
            [-57.779568, -63.868246],
            [-57.831426, -63.803702],
            [-57.925632, -63.806338],
            [-57.97059, -63.834915],
            [-58.07061, -63.847627],
            [-58.145748, -63.877754],
            [-58.274861, -63.916408],
            [-58.342066, -63.994181],
            [-58.425162, -64.067769],
            [-58.437849, -64.113244],
            [-58.397644, -64.134948],
            [-58.352117, -64.130711],
            [-58.250522, -64.106888],
            [-58.14735, -64.097379],
            [-58.162155, -64.16089],
            [-58.137815, -64.206365],
            [-58.019812, -64.241815],
            [-58.304498, -64.314317],
            [-58.214012, -64.369921],
            [-58.16957, -64.368319],
            [-58.021388, -64.321758],
            [-57.971133, -64.320156],
            [-57.920852, -64.331267],
            [-57.95209, -64.39426],
            [-57.909741, -64.410125],
            [-57.871656, -64.401133],
            [-57.822951, -64.302173],
            [-57.703372, -64.293181],
            [-57.670557, -64.311165],
            [-57.683269, -64.357208],
            [-57.580614, -64.350335],
            [-57.38799, -64.378912],
            [-57.294844, -64.366717],
            [-57.338252, -64.318038],
            [-57.413906, -64.295817],
            [-57.327658, -64.237629],
            [-57.222367, -64.221196],
            [-57.272623, -64.166161],
            [-57.249342, -64.096862],
            [-57.517104, -64.010615],
            [-57.479535, -63.961367],
            [-57.592784, -63.967206],
            [-57.710245, -64.015369],
            [-57.74094, -64.047615],
            [-57.773755, -64.061412],
            [-57.808662, -64.067769],
            [-57.846257, -64.053971],
            [-57.826672, -63.949223],
            [-57.780628, -63.9069],
            [-57.779568, -63.868246]
          ],
          [
            [-59.660746, -62.354282],
            [-59.620316, -62.39423],
            [-59.620309, -62.394227],
            [-59.660746, -62.354282]
          ],
          [
            [-60.487853, -70.64685],
            [-60.449225, -70.603494],
            [-60.452403, -70.544221],
            [-60.553456, -70.508771],
            [-60.883668, -70.517763],
            [-60.941882, -70.532594],
            [-60.97573, -70.599256],
            [-60.958263, -70.628867],
            [-60.896355, -70.689742],
            [-60.825972, -70.710361],
            [-60.740783, -70.710361],
            [-60.487853, -70.64685]
          ],
          [
            [-60.790005, -71.04109],
            [-60.652416, -71.058556],
            [-60.552397, -71.052769],
            [-60.535989, -71.04109],
            [-60.51643, -70.999284],
            [-60.533354, -70.9628],
            [-60.613246, -70.919909],
            [-60.782589, -70.914121],
            [-60.888965, -70.934223],
            [-60.946636, -70.967554],
            [-60.906406, -71.007242],
            [-60.790005, -71.04109]
          ],
          [
            [-62.171652, -69.636679],
            [-62.085404, -69.729284],
            [-61.997554, -69.721894],
            [-61.970036, -69.691198],
            [-61.907611, -69.587483],
            [-61.911306, -69.533482],
            [-61.807049, -69.514465],
            [-61.783768, -69.441963],
            [-61.81604, -69.376334],
            [-61.978511, -69.300679],
            [-62.117676, -69.214948],
            [-62.238857, -69.175777],
            [-62.442049, -69.146167],
            [-62.51561, -69.154642],
            [-62.567467, -69.180532],
            [-62.496025, -69.287967],
            [-62.216094, -69.494879],
            [-62.171652, -69.636679]
          ],
          [
            [-65.65363, -65.590463],
            [-65.636634, -65.547833],
            [-65.833495, -65.527163],
            [-65.968423, -65.571088],
            [-65.999635, -65.632996],
            [-66.06684, -65.666379],
            [-66.049374, -65.744669],
            [-66.153631, -65.773763],
            [-66.181665, -65.826163],
            [-66.175335, -65.866367],
            [-66.063662, -65.880681],
            [-65.845123, -65.842544],
            [-65.835614, -65.814019],
            [-65.840885, -65.738313],
            [-65.81391, -65.686481],
            [-65.783757, -65.674286],
            [-65.669449, -65.65315],
            [-65.667847, -65.626123],
            [-65.65363, -65.590463]
          ],
          [
            [-66.779097, -66.110848],
            [-66.791266, -66.233631],
            [-66.866947, -66.274921],
            [-66.867489, -66.293938],
            [-66.850023, -66.305565],
            [-66.818784, -66.31249],
            [-66.59549, -66.200817],
            [-66.592829, -66.178596],
            [-66.623008, -66.134154],
            [-66.575388, -66.082271],
            [-66.631457, -66.066923],
            [-66.779097, -66.110848]
          ],
          [
            [-67.520989, -66.897208],
            [-67.409342, -66.901963],
            [-67.362239, -66.894573],
            [-67.256949, -66.841088],
            [-67.268576, -66.815198],
            [-67.331569, -66.753289],
            [-67.42575, -66.736856],
            [-67.510938, -66.756442],
            [-67.499311, -66.803519],
            [-67.593491, -66.875504],
            [-67.520989, -66.897208]
          ]
        ]
      }
    },
    {
      "type": "Feature",
      "properties": { "globee_ocean": "Atlantic Ocean", "source_name": "Atlantic Ocean" },
      "geometry": {
        "type": "Polygon",
        "coordinates": [
          [
            [-24.021371, 64.871648],
            [-24.026151, 64.863173],
            [-23.982226, 64.816096],
            [-23.93303, 64.778527],
            [-23.878511, 64.750467],
            [-23.819238, 64.739356],
            [-23.690125, 64.756823],
            [-23.476339, 64.809223],
            [-23.347226, 64.824545],
            [-22.720158, 64.788552],
            [-22.467228, 64.794934],
            [-22.306876, 64.733543],
            [-22.247603, 64.72667],
            [-22.233857, 64.713957],
            [-22.320105, 64.647295],
            [-22.324885, 64.624531],
            [-22.284138, 64.58642],
            [-22.253959, 64.571614],
            [-22.159779, 64.5388],
            [-22.105803, 64.532986],
            [-21.924315, 64.562623],
            [-21.675054, 64.647811],
            [-21.623197, 64.639879],
            [-21.590382, 64.62665],
            [-21.61684, 64.610243],
            [-21.702572, 64.598073],
            [-21.950231, 64.515003],
            [-22.00369, 64.452035],
            [-22.000486, 64.413381],
            [-21.972969, 64.394881],
            [-21.901009, 64.391677],
            [-22.005783, 64.350956],
            [-22.049165, 64.327133],
            [-22.053403, 64.313904],
            [-21.95129, 64.313904],
            [-21.646503, 64.398059],
            [-21.557051, 64.398059],
            [-21.463387, 64.378991],
            [-21.60573, 64.366821],
            [-21.668698, 64.348837],
            [-21.722674, 64.321836],
            [-21.767658, 64.28481],
            [-21.832745, 64.205435],
            [-21.866076, 64.180553],
            [-21.935426, 64.153552],
            [-22.001029, 64.101721],
            [-22.056607, 64.071542],
            [-22.187813, 64.03927],
            [-22.510093, 63.99165],
            [-22.559832, 64.01015],
            [-22.603214, 64.049838],
            [-22.650834, 64.077381],
            [-22.701115, 64.083195],
            [-22.733387, 64.048261],
            [-22.742922, 64.019168],
            [-22.729176, 63.959378],
            [-22.693183, 63.86835],
            [-22.652436, 63.827603],
            [-22.606909, 63.837137],
            [-22.372505, 63.84401],
            [-21.448582, 63.858299],
            [-21.387707, 63.872587],
            [-21.246424, 63.935555],
            [-21.152243, 63.944547],
            [-21.1062, 63.939793],
            [-21.09403, 63.934496],
            [-21.155938, 63.906978],
            [-21.136353, 63.887935],
            [-21.008299, 63.838171],
            [-20.878668, 63.803806],
            [-20.729969, 63.793212],
            [-20.726791, 63.765695],
            [-20.651111, 63.73766],
            [-20.592924, 63.735541],
            [-20.462725, 63.792153],
            [-20.414071, 63.805382],
            [-20.363273, 63.765152],
            [-20.371723, 63.757762],
            [-20.438385, 63.75722],
            [-20.47014, 63.748228],
            [-20.490785, 63.731821],
            [-20.501353, 63.708024],
            [-20.493963, 63.687379],
            [-20.4003, 63.637098],
            [-20.198141, 63.555604],
            [-19.952084, 63.551909],
            [-19.778529, 63.536561],
            [-19.486428, 63.478348],
            [-19.250422, 63.441838],
            [-18.653507, 63.406931],
            [-18.302676, 63.454008],
            [-18.222241, 63.473077],
            [-18.266166, 63.513798],
            [-18.265107, 63.524392],
            [-18.252395, 63.529688],
            [-18.219063, 63.530748],
            [-18.142866, 63.496874],
            [-18.079899, 63.496357],
            [-17.94709, 63.535502],
            [-17.880402, 63.590021],
            [-17.886215, 63.606945],
            [-17.919573, 63.619631],
            [-17.914792, 63.636581],
            [-17.839138, 63.682625],
            [-17.815832, 63.712778],
            [-17.633285, 63.746652],
            [-17.095127, 63.808018],
            [-16.933199, 63.840832],
            [-16.739515, 63.851943],
            [-16.640555, 63.865714],
            [-16.468059, 63.916512],
            [-16.23629, 64.037151],
            [-16.06059, 64.111229],
            [-15.833059, 64.176858],
            [-15.49494, 64.258352],
            [-15.25573, 64.29698],
            [-15.021842, 64.295921],
            [-14.92712, 64.319744],
            [-14.789531, 64.38005],
            [-14.628146, 64.416043],
            [-14.547194, 64.446196],
            [-14.475209, 64.493816],
            [-14.432344, 64.538283],
            [-14.416996, 64.583268],
            [-14.448234, 64.600708],
            [-14.465158, 64.635642],
            [-14.375215, 64.677448],
            [-14.385266, 64.74517],
            [-14.296874, 64.724525],
            [-14.134971, 64.715017],
            [-14.044486, 64.742018],
            [-13.951882, 64.783798],
            [-13.853438, 64.861597],
            [-7.400783, 62.107811],
            [-7.422487, 62.140083],
            [-7.336756, 62.138507],
            [-7.23516, 62.151194],
            [-7.187023, 62.139567],
            [-7.097055, 62.100396],
            [-7.0653, 62.073421],
            [-7.116614, 62.046962],
            [-7.179582, 62.040089],
            [-7.254745, 62.045903],
            [-7.298128, 62.055954],
            [-6.644628, 61.692927],
            [-1.563542, 60.504963],
            [-1.572017, 60.494396],
            [-1.548737, 60.481166],
            [-1.449777, 60.468454],
            [-1.374639, 60.332984],
            [-1.494219, 60.292237],
            [-1.576772, 60.298594],
            [-1.663562, 60.282729],
            [-1.659867, 60.262084],
            [-1.641341, 60.236685],
            [-1.612764, 60.22927],
            [-1.516465, 60.230872],
            [-1.498999, 60.221854],
            [-1.49688, 60.19382],
            [-1.481532, 60.173175],
            [-1.40903, 60.189582],
            [-1.322782, 60.188523],
            [-1.291027, 60.15359],
            [-1.276221, 60.114445],
            [-1.299502, 60.039824],
            [-1.356113, 59.911253],
            [-1.306891, 59.88265],
            [-1.400038, 59.747206],
            [-1.64979, 59.497428],
            [-2.451499, 59.258244],
            [-2.6912, 58.946041],
            [-2.888578, 58.789952],
            [-2.926147, 58.753417],
            [-2.929325, 58.741789],
            [-2.938859, 58.738611],
            [-2.940461, 58.739671],
            [-3.051565, 58.630659],
            [-3.053141, 58.634897],
            [-3.258995, 58.650219],
            [-3.453737, 58.616913],
            [-3.661683, 58.60632],
            [-3.859604, 58.577226],
            [-4.188757, 58.557098],
            [-4.433238, 58.512656],
            [-4.491968, 58.568208],
            [-4.534808, 58.561335],
            [-4.678236, 58.513716],
            [-4.715262, 58.510021],
            [-4.765543, 58.554462],
            [-4.809468, 58.572963],
            [-4.924836, 58.588336],
            [-4.975634, 58.580378],
            [-5.016898, 58.566632],
            [-5.019533, 58.564513],
            [-6.234523, 58.500486],
            [-6.237676, 58.502605],
            [-6.248786, 58.499427],
            [-6.296949, 58.486715],
            [-6.544065, 58.383],
            [-6.742503, 58.321608],
            [-6.776377, 58.301506],
            [-6.787487, 58.284065],
            [-6.724519, 58.197275],
            [-6.726638, 58.189317],
            [-6.812344, 58.196216],
            [-6.886448, 58.182444],
            [-6.949415, 58.21792],
            [-7.01184, 58.228487],
            [-7.028273, 58.222131],
            [-7.044655, 58.201512],
            [-7.085402, 58.181927],
            [-7.095453, 58.138002],
            [-7.08858, 58.095136],
            [-7.076927, 58.078729],
            [-7.038299, 58.072399],
            [-7.017137, 58.054906],
            [-6.985382, 58.050695],
            [-7.05207, 58.01788],
            [-7.056825, 58.003075],
            [-7.002332, 57.975015],
            [-6.864201, 57.932692],
            [-6.856811, 57.9237],
            [-6.944118, 57.893521],
            [-6.955746, 57.864944],
            [-7.083283, 57.813629],
            [-7.032485, 57.77606],
            [-7.166353, 57.663354],
            [-7.205524, 57.682914],
            [-7.271153, 57.657515],
            [-7.325103, 57.663354],
            [-7.391791, 57.645345],
            [-7.439954, 57.656455],
            [-7.470107, 57.65276],
            [-7.499201, 57.636353],
            [-7.515634, 57.615708],
            [-7.514549, 57.601962],
            [-7.320349, 57.533698],
            [-7.311874, 57.533698],
            [-7.335697, 57.38288],
            [-7.410834, 57.381304],
            [-7.407139, 57.298208],
            [-7.422487, 57.229427],
            [-7.416131, 57.192375],
            [-7.38174, 57.130467],
            [-7.352621, 57.117754],
            [-7.45264, 57.01776],
            [-7.406597, 57.000294],
            [-7.39869, 56.983344],
            [-7.416674, 56.96536],
            [-7.50504, 56.951614],
            [-7.534677, 56.959004],
            [-8.24639, 55.165677],
            [-8.244814, 55.14927],
            [-8.274451, 55.146092],
            [-8.304604, 55.108006],
            [-8.325765, 55.056666],
            [-8.393513, 55.020156],
            [-8.411497, 54.965121],
            [-8.377106, 54.889441],
            [-8.470769, 54.83177],
            [-8.527924, 54.809549],
            [-8.538491, 54.783091],
            [-8.650138, 54.760844],
            [-8.715225, 54.73175],
            [-8.76393, 54.680952],
            [-8.456481, 54.609535],
            [-8.133684, 54.640748],
            [-8.192957, 54.579899],
            [-8.230526, 54.507397],
            [-8.28662, 54.484633],
            [-8.415217, 54.460836],
            [-8.470769, 54.441768],
            [-8.554382, 54.403656],
            [-8.623163, 54.347045],
            [-8.568645, 54.303662],
            [-8.545364, 54.241211],
            [-8.58823, 54.23116],
            [-8.74698, 54.263458],
            [-9.002572, 54.287798],
            [-9.034327, 54.281958],
            [-9.102049, 54.225347],
            [-9.145974, 54.209482],
            [-9.315317, 54.298366],
            [-9.562434, 54.308417],
            [-9.716947, 54.300484],
            [-9.824382, 54.268729],
            [-9.936029, 54.268212],
            [-9.995818, 54.276145],
            [-10.056151, 54.257619],
            [-10.089482, 54.215812],
            [-10.09266, 54.156023],
            [-9.977292, 54.187235],
            [-9.943444, 54.141734],
            [-9.934427, 54.075046],
            [-9.856654, 54.095174],
            [-9.848721, 54.048071],
            [-9.856111, 54.004146],
            [-9.896341, 53.937483],
            [-9.914325, 53.863922],
            [-9.747642, 53.890923],
            [-9.578841, 53.879812],
            [-9.590469, 53.841184],
            [-9.578299, 53.805192],
            [-9.745007, 53.781369],
            [-9.901638, 53.727393],
            [-9.912232, 53.695121],
            [-9.90957, 53.657552],
            [-9.856111, 53.633212],
            [-9.720641, 53.604635],
            [-9.878332, 53.590347],
            [-10.001115, 53.561253],
            [-10.061964, 53.567583],
            [-10.117, 53.548541],
            [-10.106406, 53.509396],
            [-10.054549, 53.478157],
            [-10.094236, 53.445369],
            [-10.091058, 53.413071],
            [-10.003751, 53.397206],
            [-9.899003, 53.407257],
            [-9.795262, 53.395087],
            [-9.875697, 53.342687],
            [-9.825415, 53.320467],
            [-9.774101, 53.318865],
            [-9.700565, 53.334755],
            [-9.625944, 53.334755],
            [-9.601579, 53.323128],
            [-9.581503, 53.271787],
            [-9.555044, 53.252202],
            [-9.514272, 53.238456],
            [-9.470889, 53.234735],
            [-9.14016, 53.250626],
            [-9.033784, 53.235795],
            [-8.93007, 53.207244],
            [-8.997301, 53.162233],
            [-9.027454, 53.153268],
            [-9.061302, 53.153268],
            [-9.137499, 53.129445],
            [-9.241756, 53.12469],
            [-9.299427, 53.09769],
            [-9.461898, 52.947414],
            [-9.415854, 52.928888],
            [-9.393633, 52.896074],
            [-9.465076, 52.823055],
            [-9.514814, 52.781249],
            [-9.73971, 52.64844],
            [-9.916443, 52.569582],
            [-9.764592, 52.58015],
            [-9.619588, 52.622499],
            [-9.591528, 52.64366],
            [-9.560832, 52.653711],
            [-9.463474, 52.626736],
            [-9.394176, 52.617202],
            [-9.17561, 52.634669],
            [-9.097811, 52.668],
            [-8.990402, 52.755333],
            [-8.923197, 52.712442],
            [-8.783489, 52.679653],
            [-9.056031, 52.620923],
            [-9.331182, 52.578574],
            [-9.586257, 52.559014],
            [-9.632301, 52.546819],
            [-9.760872, 52.46641],
            [-9.838645, 52.442587],
            [-9.90585, 52.403959],
            [-9.853476, 52.375382],
            [-9.841306, 52.291253],
            [-9.771982, 52.249963],
            [-9.937088, 52.237794],
            [-9.993183, 52.259498],
            [-10.061964, 52.275879],
            [-10.132348, 52.282235],
            [-10.21118, 52.271668],
            [-10.356701, 52.207098],
            [-10.382642, 52.169012],
            [-10.390058, 52.135138],
            [-10.249291, 52.125604],
            [-9.955614, 52.136715],
            [-9.90957, 52.122969],
            [-9.94608, 52.079586],
            [-10.043981, 52.044653],
            [-10.145577, 52.019771],
            [-10.231825, 51.97427],
            [-10.378948, 51.868979],
            [-10.340836, 51.799112],
            [-10.241876, 51.812342],
            [-10.211723, 51.783765],
            [-10.084211, 51.771052],
            [-9.598943, 51.87425],
            [-9.749761, 51.824511],
            [-9.802678, 51.78007],
            [-9.849781, 51.766298],
            [-9.926495, 51.730848],
            [-10.06938, 51.65571],
            [-10.120695, 51.600675],
            [-10.010107, 51.611269],
            [-9.899003, 51.647235],
            [-9.579901, 51.689042],
            [-9.524865, 51.681109],
            [-9.542332, 51.664185],
            [-9.71059, 51.603853],
            [-9.835492, 51.483214],
            [-9.737049, 51.47368],
            [-9.534916, 51.522359],
            [-9.462957, 51.529232],
            [-9.390455, 51.519181],
            [-9.323766, 51.49696],
            [-9.296249, 51.49802],
            [-8.813668, 51.58481],
            [-8.734293, 51.636125],
            [-8.58823, 51.651473],
            [-8.477642, 51.707025],
            [-8.407802, 51.711805],
            [-8.349071, 51.739323],
            [-8.335842, 51.792756],
            [-8.347469, 51.847792],
            [-8.371809, 51.876369],
            [-8.409378, 51.888539],
            [-8.290315, 51.890657],
            [-8.254323, 51.878487],
            [-8.222593, 51.854148],
            [-8.144794, 51.813401],
            [-8.05803, 51.825571],
            [-7.952713, 51.865775],
            [-7.872279, 51.935125],
            [-7.837888, 51.947811],
            [-7.664307, 51.979567],
            [-7.625162, 51.993312],
            [-7.589686, 52.018711],
            [-7.563228, 52.061577],
            [-7.527261, 52.098629],
            [-7.441013, 52.122969],
            [-7.216117, 52.14519],
            [-7.081707, 52.139376],
            [-7.003391, 52.165834],
            [-6.965823, 52.249421],
            [-6.914482, 52.16847],
            [-6.890142, 52.159478],
            [-6.859989, 52.178521],
            [-6.78219, 52.210276],
            [-6.697544, 52.213454],
            [-6.619203, 52.199166],
            [-6.62344, 52.175885],
            [-6.403299, 51.68005],
            [-5.70639, 50.112135],
            [-6.570524, 49.741719],
            [-5.882607, 48.471719],
            [-7.999274, 43.709219],
            [-7.998214, 43.69493],
            [-8.00457, 43.694413],
            [-8.137405, 43.629327],
            [-8.256984, 43.580105],
            [-8.288739, 43.539358],
            [-8.252204, 43.497035],
            [-8.249052, 43.439338],
            [-8.355402, 43.39699],
            [-8.421548, 43.385879],
            [-8.536915, 43.337226],
            [-8.665486, 43.316581],
            [-8.873458, 43.334565],
            [-9.024276, 43.238782],
            [-9.095718, 43.214443],
            [-9.178246, 43.174213],
            [-9.235426, 43.035591],
            [-9.235426, 42.97686],
            [-9.179305, 42.911231],
            [-9.126931, 42.865187],
            [-9.041742, 42.813873],
            [-8.927434, 42.798525],
            [-8.936968, 42.76677],
            [-9.034844, 42.662538],
            [-9.033267, 42.593731],
            [-8.987766, 42.585799],
            [-8.81155, 42.640292],
            [-8.799897, 42.600087],
            [-8.809948, 42.562519],
            [-8.812092, 42.469914],
            [-8.7761, 42.434981],
            [-8.730056, 42.411701],
            [-8.769201, 42.358268],
            [-8.809948, 42.334445],
            [-8.815787, 42.285223],
            [-8.728997, 42.286825],
            [-8.690885, 42.274112],
            [-8.772405, 42.210628],
            [-8.887204, 42.105311],
            [-8.878238, 41.947104],
            [-8.852297, 41.926976],
            [-8.777159, 41.941265],
            [-8.878238, 41.832253],
            [-8.887747, 41.764531],
            [-8.846457, 41.705258],
            [-8.755455, 41.698385],
            [-8.811007, 41.651825],
            [-8.805736, 41.559737],
            [-8.738531, 41.284586],
            [-8.674478, 41.154413],
            [-8.659673, 41.086149],
            [-8.655461, 41.029511],
            [-8.673961, 40.916288],
            [-8.684555, 40.752758],
            [-8.731632, 40.651162],
            [-8.772405, 40.605661],
            [-8.872399, 40.259042],
            [-8.886687, 40.179667],
            [-8.851237, 40.151632],
            [-8.838008, 40.11564],
            [-9.004174, 39.82036],
            [-9.148092, 39.542548],
            [-9.25129, 39.426147],
            [-9.319555, 39.391213],
            [-9.37459, 39.338297],
            [-9.357124, 39.284321],
            [-9.352886, 39.248354],
            [-9.414278, 39.112342],
            [-9.431202, 38.960465],
            [-9.474584, 38.853055],
            [-9.479881, 38.798562],
            [-9.474067, 38.730815],
            [-9.41004, 38.707534],
            [-9.356607, 38.698],
            [-9.25235, 38.712831],
            [-9.135923, 38.742984],
            [-9.090938, 38.834529],
            [-8.954409, 39.016043],
            [-8.867644, 39.065781],
            [-8.791448, 39.077951],
            [-8.938028, 38.998059],
            [-9.000453, 38.902794],
            [-8.977173, 38.802774],
            [-9.021614, 38.746705],
            [-9.093057, 38.696424],
            [-9.177729, 38.687949],
            [-9.250231, 38.656736],
            [-9.203128, 38.538733],
            [-9.213179, 38.448248],
            [-9.186721, 38.438171],
            [-9.096235, 38.455121],
            [-8.914722, 38.512275],
            [-8.861805, 38.510156],
            [-8.798863, 38.518088],
            [-8.733751, 38.482638],
            [-8.668148, 38.424425],
            [-8.880874, 38.446646],
            [-8.811007, 38.299549],
            [-8.802015, 38.183664],
            [-8.878755, 37.958769],
            [-8.82266, 37.871978],
            [-8.791964, 37.732813],
            [-8.818423, 37.592589],
            [-8.814211, 37.430661],
            [-8.926375, 37.166078],
            [-8.997817, 37.032184],
            [-8.935366, 37.015777],
            [-8.848576, 37.075567],
            [-8.739048, 37.074533],
            [-8.597764, 37.121094],
            [-8.484515, 37.099932],
            [-8.136862, 37.077169],
            [-7.939484, 37.005209],
            [-7.834167, 37.005726],
            [-7.493387, 37.168171],
            [-7.40608, 37.179307],
            [-7.174828, 37.208944],
            [-6.974814, 37.19835],
            [-6.929287, 37.214757],
            [-6.863684, 37.278784],
            [-6.859447, 37.249148],
            [-6.884846, 37.194112],
            [-6.492208, 36.954411],
            [-6.396426, 36.831628],
            [-6.320746, 36.908368],
            [-6.216514, 36.913664],
            [-6.25938, 36.898833],
            [-6.328161, 36.848035],
            [-6.41229, 36.728973],
            [-6.384256, 36.636911],
            [-6.268888, 36.596681],
            [-6.257778, 36.564952],
            [-6.265736, 36.526298],
            [-6.226049, 36.426304],
            [-6.170471, 36.3337],
            [-6.04084, 36.188696],
            [-6.034542, 36.188154],
            [-5.960923, 36.181823],
            [-5.808529, 36.088159],
            [-5.742074, 36.065492],
            [-5.625439, 36.025708],
            [-5.617507, 36.02731],
            [-5.617507, 36.025708],
            [-5.616582, 36.0206],
            [-5.584675, 35.844316],
            [-5.584176, 35.841559],
            [-5.622778, 35.828873],
            [-5.629479, 35.828194],
            [-5.641909, 35.826934],
            [-5.740649, 35.816925],
            [-5.748197, 35.81616],
            [-5.92493, 35.786007],
            [-5.925345, 35.784682],
            [-5.957745, 35.681233],
            [-6.353043, 34.776353],
            [-6.755732, 34.132878],
            [-6.900736, 33.968857],
            [-7.144675, 33.830209],
            [-7.562194, 33.640247],
            [-8.301426, 33.374604],
            [-8.513092, 33.252338],
            [-8.596162, 33.187277],
            [-8.836406, 32.920575],
            [-9.245993, 32.572379],
            [-9.249172, 32.485588],
            [-9.28674, 32.240591],
            [-9.347589, 32.086595],
            [-9.67514, 31.710881],
            [-9.808491, 31.42462],
            [-9.833374, 31.069551],
            [-9.832314, 30.847291],
            [-9.875697, 30.718177],
            [-9.853992, 30.644616],
            [-9.773041, 30.603352],
            [-9.652919, 30.44778],
            [-9.623826, 30.352515],
            [-9.667208, 30.109119],
            [-9.743405, 29.958301],
            [-9.852416, 29.809059],
            [-10.010624, 29.641318],
            [-10.200612, 29.380455],
            [-10.486357, 29.065048],
            [-10.673684, 28.939112],
            [-11.081153, 28.7137],
            [-11.299176, 28.52583],
            [-11.430382, 28.381911],
            [-11.552648, 28.309952],
            [-11.986007, 28.129498],
            [-12.469156, 28.009376],
            [-12.793529, 27.97868],
            [-12.949101, 27.91411],
            [-13.040646, 27.769649],
            [-13.176115, 27.655883],
            [-13.256007, 27.434708],
            [-13.410003, 27.146819],
            [-13.495734, 26.872727],
            [-13.575626, 26.735138],
            [-13.695773, 26.643077],
            [-13.951882, 26.488539],
            [-14.168303, 26.41552],
            [-14.312222, 26.297],
            [-14.413843, 26.253592],
            [-14.470455, 26.163106],
            [-14.522829, 25.924981],
            [-14.602204, 25.80858],
            [-14.706978, 25.547692],
            [-14.794828, 25.404289],
            [-14.84299, 25.22014],
            [-14.856219, 24.871402],
            [-14.904382, 24.719551],
            [-15.038766, 24.548631],
            [-15.188551, 24.478765],
            [-15.586459, 24.072898],
            [-15.778024, 23.952776],
            [-15.899205, 23.844307],
            [-15.952638, 23.740593],
            [-15.980699, 23.670209],
            [-15.912434, 23.727363],
            [-15.85528, 23.800382],
            [-15.801846, 23.842188],
            [-15.789134, 23.792967],
            [-15.806058, 23.749584],
            [-15.942613, 23.552723],
            [-15.996563, 23.425728],
            [-16.113507, 23.227291],
            [-16.210349, 23.098177],
            [-16.169628, 23.032031],
            [-16.201874, 22.945241],
            [-16.304555, 22.834653],
            [-16.358531, 22.594409],
            [-16.51462, 22.333521],
            [-16.683963, 22.274274],
            [-16.793491, 22.159966],
            [-16.93108, 21.900136],
            [-17.009396, 21.377326],
            [-17.098822, 20.856634],
            [-17.048024, 20.806353],
            [-16.998285, 21.039724],
            [-16.971284, 21.076233],
            [-16.927902, 21.114861],
            [-16.876044, 21.086284],
            [-16.728405, 20.806353],
            [-16.622572, 20.634374],
            [-16.562782, 20.604221],
            [-16.534722, 20.653959],
            [-16.53051, 20.709511],
            [-16.479169, 20.689952],
            [-16.429948, 20.652357],
            [-16.333649, 20.415834],
            [-16.210349, 20.227965],
            [-16.241044, 20.1412],
            [-16.233112, 20.000976],
            [-16.283367, 19.78719],
            [-16.444779, 19.473385],
            [-16.305072, 19.512556],
            [-16.371217, 19.410418],
            [-16.474932, 19.390832],
            [-16.51462, 19.361738],
            [-16.475991, 19.284999],
            [-16.306131, 19.153767],
            [-16.21301, 19.003492],
            [-16.150016, 18.718263],
            [-16.08493, 18.521402],
            [-16.046844, 18.222971],
            [-16.030437, 17.888004],
            [-16.079116, 17.545622],
            [-16.207713, 17.192672],
            [-16.346878, 16.926512],
            [-16.463822, 16.601597],
            [-16.481288, 16.4545],
            [-16.535781, 16.286732],
            [-16.535264, 15.838543],
            [-16.570714, 15.734285],
            [-16.84323, 15.294028],
            [-17.146984, 14.922035],
            [-17.411567, 14.792379],
            [-17.535384, 14.755327],
            [-17.444899, 14.651612],
            [-17.41844, 14.723598],
            [-17.345938, 14.729411],
            [-17.26075, 14.700834],
            [-17.168146, 14.640502],
            [-17.079236, 14.482811],
            [-16.973945, 14.403436],
            [-16.880282, 14.208177],
            [-16.797729, 14.093352],
            [-16.791915, 14.003926],
            [-16.742177, 14.006045],
            [-16.667556, 14.035681],
            [-16.618334, 14.040435],
            [-16.639496, 14.007621],
            [-16.733702, 13.96106],
            [-16.767033, 13.904966],
            [-16.745329, 13.840396],
            [-16.647971, 13.771098],
            [-16.587638, 13.689604],
            [-16.562239, 13.587466],
            [-16.529967, 13.457809],
            [-16.440541, 13.353035],
            [-16.351632, 13.343527],
            [-16.135211, 13.448301],
            [-15.850009, 13.459928],
            [-15.569535, 13.499616],
            [-15.438303, 13.483208],
            [-15.427709, 13.468403],
            [-15.471117, 13.458869],
            [-15.617698, 13.459928],
            [-15.804482, 13.425537],
            [-15.986512, 13.408613],
            [-16.158491, 13.384274],
            [-16.188128, 13.32606],
            [-16.18495, 13.282652],
            [-16.27174, 13.293788],
            [-16.41354, 13.269966],
            [-16.556426, 13.303297],
            [-16.598232, 13.356756],
            [-16.614639, 13.435072],
            [-16.669132, 13.474759],
            [-16.750626, 13.425537],
            [-16.824704, 13.340866],
            [-16.769152, 13.148268],
            [-16.763338, 13.064112],
            [-16.757499, 12.979983],
            [-16.769152, 12.883142],
            [-16.759101, 12.702171],
            [-16.778169, 12.670416],
            [-16.768092, 12.628609],
            [-16.743753, 12.585227],
            [-16.70143, 12.60321],
            [-16.672336, 12.622253],
            [-16.637919, 12.685247],
            [-16.597715, 12.7154],
            [-16.54901, 12.663543],
            [-16.45483, 12.624914],
            [-16.44266, 12.609567],
            [-16.450076, 12.580473],
            [-16.488161, 12.582049],
            [-16.553273, 12.604812],
            [-16.677607, 12.559828],
            [-16.76016, 12.525954],
            [-16.785016, 12.472521],
            [-16.745872, 12.399476],
            [-16.712023, 12.355034],
            [-16.436846, 12.204217],
            [-16.312487, 12.242845],
            [-16.244739, 12.237031],
            [-16.25479, 12.206335],
            [-16.318843, 12.14391],
            [-16.327835, 12.051823],
            [-16.274376, 11.978261],
            [-16.138389, 11.917412],
            [-15.958995, 11.959735],
            [-15.920366, 11.937515],
            [-15.902926, 11.919531],
            [-15.941528, 11.786723],
            [-15.819287, 11.763417],
            [-15.650486, 11.818452],
            [-15.51344, 11.917412],
            [-15.434582, 11.943354],
            [-15.188008, 11.927463],
            [-15.111294, 11.970329],
            [-15.078454, 11.968753],
            [-15.072124, 11.947049],
            [-15.10176, 11.913718],
            [-15.132973, 11.907361],
            [-15.210746, 11.870852],
            [-15.415565, 11.871911],
            [-15.467397, 11.842792],
            [-15.500211, 11.778248],
            [-15.501787, 11.723729],
            [-15.412904, 11.61526],
            [-15.359445, 11.622676],
            [-15.316579, 11.669236],
            [-15.230357, 11.686703],
            [-15.122405, 11.661821],
            [-15.07264, 11.597794],
            [-15.163668, 11.58087],
            [-15.252552, 11.573454],
            [-15.429311, 11.498833],
            [-15.479592, 11.410467],
            [-15.448871, 11.389848],
            [-15.399132, 11.401475],
            [-15.35469, 11.396178],
            [-15.348334, 11.378195],
            [-15.394378, 11.33427],
            [-15.400734, 11.266005],
            [-15.393318, 11.217326],
            [-15.317638, 11.152239],
            [-15.263146, 11.160714],
            [-15.216585, 11.156477],
            [-15.221882, 11.031058],
            [-15.181135, 11.034236],
            [-15.09698, 11.14007],
            [-15.054657, 11.142188],
            [-15.093802, 11.010956],
            [-15.04303, 10.940056],
            [-15.051479, 10.834739],
            [-15.012308, 10.804586],
            [-14.975282, 10.803527],
            [-14.925001, 10.94481],
            [-14.886915, 10.968091],
            [-14.837693, 10.962794],
            [-14.775785, 10.931581],
            [-14.757259, 10.862257],
            [-14.693232, 10.741076],
            [-14.677367, 10.689219],
            [-14.593755, 10.766475],
            [-14.587399, 10.73472],
            [-14.613857, 10.617776],
            [-14.60962, 10.550054],
            [-14.427073, 10.248419],
            [-14.170422, 10.128839],
            [-14.086266, 10.127237],
            [-14.045003, 10.141009],
            [-14.030198, 10.115068],
            [-14.021723, 10.047862],
            [-13.954517, 9.968487],
            [-13.820107, 9.886994],
            [-13.753961, 9.87007],
            [-13.712698, 9.922986],
            [-13.689934, 9.927741],
            [-13.700528, 9.851544],
            [-13.658721, 9.776406],
            [-13.65712, 9.63936],
            [-13.69151, 9.535646],
            [-13.568236, 9.543578],
            [-13.436461, 9.420278],
            [-13.405765, 9.360488],
            [-13.396257, 9.314445],
            [-13.295695, 9.218662],
            [-13.269236, 9.1705],
            [-13.302593, 9.078438],
            [-13.292516, 9.049319],
            [-13.271355, 8.98741],
            [-13.153894, 8.897468],
            [-13.059688, 8.88106],
            [-13.070799, 8.856178],
            [-13.206811, 8.842949],
            [-13.226371, 8.766235],
            [-13.228489, 8.695852],
            [-13.181929, 8.576789],
            [-13.121597, 8.588959],
            [-13.088265, 8.625469],
            [-12.953338, 8.614875],
            [-12.904116, 8.656164],
            [-12.894065, 8.629706],
            [-12.913134, 8.581544],
            [-12.994085, 8.526508],
            [-13.085113, 8.424912],
            [-13.158132, 8.442379],
            [-13.20309, 8.484185],
            [-13.261304, 8.487363],
            [-13.272957, 8.429667],
            [-13.201514, 8.336003],
            [-13.149114, 8.214848],
            [-13.020543, 8.201076],
            [-12.957033, 8.145524],
            [-12.925278, 8.055038],
            [-12.880836, 7.856601],
            [-12.850683, 7.818489],
            [-12.781876, 7.790972],
            [-12.697747, 7.715834],
            [-12.570209, 7.700486],
            [-12.510419, 7.753403],
            [-12.480266, 7.753403],
            [-12.510419, 7.665553],
            [-12.432621, 7.544914],
            [-12.480783, 7.442259],
            [-12.485537, 7.386164],
            [-12.346398, 7.341723],
            [-11.929396, 7.183489],
            [-11.733594, 7.088767],
            [-11.547326, 6.946941],
            [-11.507638, 6.906736],
            [-11.29176, 6.688197],
            [-11.004413, 6.557481],
            [-10.848841, 6.464877],
            [-10.785357, 6.310364],
            [-10.707558, 6.258507],
            [-10.596945, 6.210887],
            [-10.418092, 6.167479],
            [-10.276266, 6.077536],
            [-9.654496, 5.518733],
            [-9.37459, 5.240921],
            [-9.132228, 5.054653],
            [-8.259103, 4.590056],
            [-7.998214, 4.508562],
            [-7.66007, 4.366736],
            [-7.544728, 4.351388],
            [-7.527778, 4.355083],
            [-7.517753, 4.308006],
            [6.468164, 0.227067],
            [6.497258, 0.117513],
            [6.519995, 0.066198],
            [6.557047, 0.047129],
            [6.557047, 0.032867],
            [-49.382742, 0.022273],
            [-49.400752, 0.057206],
            [-49.503407, 0.083664],
            [-49.507418, 0.082806],
            [-49.698768, 0.213484],
            [-49.69709, 0.215956],
            [-49.738354, 0.268356],
            [-49.834619, 0.292952],
            [-50.038307, 0.560963],
            [-50.036811, 0.594848],
            [-50.059032, 0.638204],
            [-50.084256, 0.629796],
            [-50.243103, 0.876891],
            [-50.071202, 1.014977],
            [-50.047379, 1.052029],
            [-49.937851, 1.121379],
            [-49.89868, 1.163185],
            [-49.906096, 1.269018],
            [-49.881756, 1.41981],
            [-49.956893, 1.660054],
            [-50.054794, 1.730954],
            [-50.187603, 1.785989],
            [-50.30403, 1.797643],
            [-50.459085, 1.829372],
            [-50.534223, 1.927273],
            [-50.576029, 1.998716],
            [-50.608843, 2.104006],
            [-50.659099, 2.131007],
            [-50.714677, 2.134185],
            [-50.676565, 2.179686],
            [-50.678684, 2.210382],
            [-50.736898, 2.376548],
            [-50.789814, 2.477601],
            [-50.816789, 2.572867],
            [-50.827383, 2.651699],
            [-50.994065, 3.077694],
            [-51.052279, 3.281945],
            [-51.076076, 3.671404],
            [-51.220021, 4.093678],
            [-51.326913, 4.22491],
            [-51.461324, 4.31382],
            [-51.547055, 4.310642],
            [-51.557623, 4.233902],
            [-51.652346, 4.061406],
            [-51.658159, 4.098458],
            [-51.653405, 4.138662],
            [-51.665575, 4.228631],
            [-51.698389, 4.286819],
            [-51.785697, 4.570471],
            [-51.827503, 4.635557],
            [-51.880419, 4.633955],
            [-51.91959, 4.524427],
            [-51.927523, 4.43606],
            [-51.954498, 4.399008],
            [-52.00266, 4.352448],
            [-52.001601, 4.386322],
            [-51.97938, 4.429704],
            [-51.961913, 4.514376],
            [-52.012194, 4.646125],
            [-52.058212, 4.717568],
            [-52.22014, 4.862572],
            [-52.324398, 4.771027],
            [-52.288948, 4.876318],
            [-52.290524, 4.941947],
            [-52.454028, 5.021322],
            [-52.765198, 5.273735],
            [-52.899065, 5.42507],
            [-53.270541, 5.543073],
            [-53.45469, 5.563718],
            [-53.847328, 5.782257],
            [-53.91983, 5.769028],
            [-53.989671, 5.675881],
            [-54.085453, 5.411841],
            [-54.155836, 5.358924],
            [-54.080699, 5.502326],
            [-54.045765, 5.608702],
            [-54.03729, 5.720349],
            [-54.05424, 5.807656],
            [-54.14209, 5.856335],
            [-54.356392, 5.909795],
            [-54.833702, 5.98811],
            [-55.148024, 5.993381],
            [-55.379276, 5.95266],
            [-55.648096, 5.985992],
            [-55.828008, 5.961652],
            [-55.910018, 5.892845],
            [-55.89573, 5.795486],
            [-55.897849, 5.699187],
            [-55.939655, 5.795486],
            [-56.235451, 5.885455],
            [-56.466186, 5.937829],
            [-56.969954, 5.992864],
            [-57.056719, 5.938888],
            [-57.104364, 5.82936],
            [-57.136094, 5.737273],
            [-57.140874, 5.643609],
            [-57.182137, 5.528784],
            [-57.19485, 5.54837],
            [-57.205417, 5.564777],
            [-57.167332, 5.884912],
            [-57.19007, 6.097122],
            [-57.227638, 6.17859],
            [-57.343549, 6.272253],
            [-57.540384, 6.331526],
            [-57.607589, 6.450588],
            [-57.792798, 6.598771],
            [-57.98276, 6.786098],
            [-58.071669, 6.820488],
            [-58.172749, 6.82948],
            [-58.298684, 6.879219],
            [-58.415111, 6.851184],
            [-58.502418, 6.734215],
            [-58.569624, 6.627348],
            [-58.593963, 6.451648],
            [-58.672796, 6.390799],
            [-58.613549, 6.502446],
            [-58.607709, 6.697188],
            [-58.582853, 6.843769],
            [-58.480714, 7.037969],
            [-58.477536, 7.325832],
            [-58.510867, 7.397792],
            [-58.626778, 7.545974],
            [-58.700856, 7.606823],
            [-58.811443, 7.73542],
            [-59.200386, 8.074598],
            [-59.477139, 8.253993],
            [-59.666042, 8.362461],
            [-59.739061, 8.379928],
            [-59.740121, 8.338664],
            [-59.756528, 8.339724],
            [-59.836445, 8.373598],
            [-59.980364, 8.532864],
            [-60.017416, 8.549272],
            [-60.167691, 8.616994],
            [-60.330679, 8.628104],
            [-60.7937, 9.357827],
            [-60.79264, 9.360488],
            [-60.874134, 9.453093],
            [-61.013299, 9.556265],
            [-60.98684, 9.612902],
            [-60.845557, 10.248419],
            [-60.24549, 11.377135],
            [-59.208861, 12.822809],
            [-59.744901, 14.966994],
            [-61.656774, 18.080085],
            [-63.526324, 18.715085],
            [-65.608057, 18.397585],
            [-65.628702, 18.381178],
            [-65.755697, 18.401823],
            [-65.878997, 18.443629],
            [-66.070561, 18.469028],
            [-66.092782, 18.469028],
            [-66.068442, 18.428281],
            [-66.098596, 18.425103],
            [-66.129291, 18.444688],
            [-66.153114, 18.470604],
            [-66.188564, 18.475901],
            [-66.812971, 18.492308],
            [-67.05957, 18.521945],
            [-67.113004, 18.515072],
            [-67.158531, 18.499181],
            [-67.17176, 18.435697],
            [-67.184989, 18.421925],
            [-67.195557, 18.432519],
            [-68.349673, 18.572743],
            [-68.339079, 18.611371],
            [-68.381428, 18.67116],
            [-68.445455, 18.714569],
            [-68.684639, 18.904531],
            [-68.901603, 18.98866],
            [-69.031233, 19.013],
            [-69.163008, 19.028348],
            [-69.279952, 19.051628],
            [-69.395319, 19.086045],
            [-69.508542, 19.107723],
            [-69.62391, 19.117774],
            [-69.623367, 19.16064],
            [-69.605927, 19.206683],
            [-69.519653, 19.21198],
            [-69.322817, 19.20087],
            [-69.264061, 19.225726],
            [-69.232332, 19.27177],
            [-69.324936, 19.327864],
            [-69.739278, 19.299287],
            [-69.823407, 19.367035],
            [-69.878442, 19.473385],
            [-69.891129, 19.589812],
            [-69.956758, 19.671823],
            [-70.013912, 19.672882],
            [-70.129254, 19.636373],
            [-70.193824, 19.637949],
            [-70.304954, 19.67606],
            [-70.436186, 19.7713],
            [-70.479568, 19.777139],
            [-70.6362, 19.775537],
            [-70.685938, 19.793004],
            [-70.785415, 19.850675],
            [-70.83412, 19.887184],
            [-70.954242, 19.914185],
            [-71.081754, 19.890362],
            [-71.23575, 19.848039],
            [-71.281251, 19.847497],
            [-71.441603, 19.894083],
            [-71.557487, 19.895143],
            [-71.616217, 19.877676],
            [-71.667558, 19.848556],
            [-71.706186, 19.795123],
            [-71.73528, 19.735333],
            [-71.779205, 19.718383],
            [-71.834757, 19.696705],
            [-71.954362, 19.721561],
            [-72.220005, 19.744842],
            [-72.43007, 19.813106],
            [-72.636982, 19.900956],
            [-72.876683, 19.927931],
            [-73.117986, 19.903592],
            [-73.218006, 19.883489],
            [-73.315364, 19.854396],
            [-73.36934, 19.824759],
            [-74.149861, 20.182463],
            [-74.136632, 20.231685],
            [-74.167328, 20.292018],
            [-74.19854, 20.311577],
            [-74.234016, 20.326408],
            [-74.272644, 20.317416],
            [-74.384291, 20.330646],
            [-74.513405, 20.384622],
            [-74.662621, 20.522184],
            [-74.731945, 20.572982],
            [-74.882762, 20.650781],
            [-74.959502, 20.672485],
            [-75.213491, 20.713749],
            [-75.338367, 20.701579],
            [-75.524635, 20.716927],
            [-75.642638, 20.733334],
            [-75.724675, 20.714808],
            [-75.753252, 20.73597],
            [-75.760125, 20.775657],
            [-75.740023, 20.812167],
            [-75.597137, 20.837566],
            [-75.662766, 20.897898],
            [-75.638427, 20.947636],
            [-75.595561, 20.994739],
            [-75.633647, 21.061402],
            [-75.723073, 21.111166],
            [-75.899289, 21.114319],
            [-76.073387, 21.133387],
            [-76.259138, 21.227568],
            [-76.454914, 21.273611],
            [-76.551756, 21.272035],
            [-76.647538, 21.284722],
            [-76.688285, 21.340274],
            [-76.725854, 21.3588],
            [-76.764999, 21.362521],
            [-76.86768, 21.330223],
            [-76.859722, 21.364639],
            [-76.836441, 21.399547],
            [-76.927986, 21.45882],
            [-77.098389, 21.588993],
            [-77.140712, 21.538711],
            [-77.207917, 21.478922],
            [-77.252902, 21.483702],
            [-77.269309, 21.537652],
            [-77.366151, 21.612815],
            [-77.244427, 21.593747],
            [-77.181459, 21.597468],
            [-77.14389, 21.643485],
            [-77.222206, 21.672605],
            [-77.299462, 21.712293],
            [-77.342328, 21.755158],
            [-77.497383, 21.871559],
            [-77.583114, 21.889026],
            [-77.57358, 21.868381],
            [-77.506375, 21.811253],
            [-77.497383, 21.788489],
            [-77.545003, 21.774744],
            [-77.63709, 21.797481],
            [-77.865138, 21.900679],
            [-77.970455, 21.972122],
            [-78.142951, 22.109168],
            [-78.686406, 22.366878],
            [-78.719221, 22.35786],
            [-78.775832, 22.367395],
            [-78.835648, 22.390675],
            [-78.901793, 22.395972],
            [-79.182784, 22.388039],
            [-79.275905, 22.407625],
            [-79.358458, 22.448888],
            [-79.456359, 22.509737],
            [-79.548963, 22.578002],
            [-79.676475, 22.743108],
            [-79.850573, 22.827237],
            [-79.820419, 22.887027],
            [-79.923617, 22.869044],
            [-79.960127, 22.876976],
            [-80.075469, 22.942062],
            [-80.167556, 22.949478],
            [-80.265974, 22.93519],
            [-80.364934, 22.943664],
            [-80.459114, 22.974877],
            [-80.550659, 23.016683],
            [-80.613653, 23.083888],
            [-80.641145, 23.098177],
            [-78.435052, 24.627463],
            [-78.366271, 24.544394],
            [-78.257802, 24.483002],
            [-78.191656, 24.466078],
            [-78.145612, 24.493596],
            [-78.135561, 24.412102],
            [-78.075746, 24.364482],
            [-78.045076, 24.287226],
            [-77.983141, 24.334846],
            [-77.881029, 24.369236],
            [-77.853511, 24.40311],
            [-77.745016, 24.463417],
            [-77.734965, 24.495714],
            [-77.746076, 24.5862],
            [-77.743957, 24.707381],
            [-77.840282, 24.794146],
            [-77.919114, 24.942845],
            [-77.973633, 25.004753],
            [-77.975209, 25.084671],
            [-78.033423, 25.142884],
            [-78.162536, 25.202131],
            [-78.799138, 26.528226],
            [-78.74356, 26.500708],
            [-78.671058, 26.506548],
            [-78.516029, 26.559464],
            [-78.233979, 26.637237],
            [-77.926013, 26.663179],
            [-77.922292, 26.691213],
            [-77.943997, 26.74413],
            [-78.088458, 26.714494],
            [-78.267853, 26.722452],
            [-78.306998, 26.702324],
            [-78.371567, 26.698086],
            [-78.492749, 26.729325],
            [-78.59698, 26.798106],
            [-78.632973, 26.726147],
            [-78.62132, 26.704443],
            [-78.632973, 26.658942],
            [-78.712348, 26.599152],
            [-78.798079, 26.582202],
            [-78.916599, 26.660518],
            [-78.925074, 26.670052],
            [-78.93037, 26.670052],
            [-78.935641, 26.67323],
            [-78.985923, 26.689637],
            [-78.96104, 26.668476],
            [-80.04268, 26.617652],
            [-80.043197, 26.617652],
            [-80.05007, 26.80764],
            [-80.088698, 26.993908],
            [-80.12575, 27.082792],
            [-80.226286, 27.207151],
            [-80.650162, 28.180812],
            [-80.686129, 28.272357],
            [-80.74858, 28.380852],
            [-80.787208, 28.560763],
            [-80.818421, 28.635384],
            [-80.838006, 28.757625],
            [-80.808912, 28.759201],
            [-80.770801, 28.732226],
            [-80.779792, 28.683004],
            [-80.766047, 28.632723],
            [-80.700417, 28.600994],
            [-80.688248, 28.578747],
            [-80.728995, 28.516322],
            [-80.731656, 28.462862],
            [-80.693544, 28.344859],
            [-80.66551, 28.375038],
            [-80.653857, 28.452295],
            [-80.632695, 28.517898],
            [-80.606754, 28.522652],
            [-80.622644, 28.32052],
            [-80.609932, 28.17766],
            [-80.499344, 27.934238],
            [-80.456996, 27.900881],
            [-80.533218, 28.070225],
            [-80.572906, 28.180812],
            [-80.585076, 28.271841],
            [-80.581355, 28.364445],
            [-80.567609, 28.426353],
            [-80.524201, 28.486143],
            [-80.564431, 28.556526],
            [-80.899914, 29.049726],
            [-81.104708, 29.457169],
            [-81.249686, 29.793711],
            [-81.337019, 30.14139],
            [-81.385699, 30.269961],
            [-81.457141, 30.640921],
            [-81.503702, 30.731406],
            [-81.516388, 30.801789],
            [-81.520626, 30.874808],
            [-81.500524, 30.913979],
            [-81.47143, 31.009219],
            [-81.453421, 31.088077],
            [-81.460319, 31.127222],
            [-81.441793, 31.199724],
            [-81.412674, 31.179622],
            [-81.365054, 31.171664],
            [-81.28834, 31.263751],
            [-81.329061, 31.313489],
            [-81.377766, 31.332532],
            [-81.380944, 31.353177],
            [-81.295213, 31.37116],
            [-81.258161, 31.436247],
            [-81.219016, 31.472239],
            [-81.175608, 31.531512],
            [-81.195736, 31.538902],
            [-81.223228, 31.528334],
            [-81.259221, 31.538902],
            [-81.242297, 31.574378],
            [-81.169794, 31.610345],
            [-81.165557, 31.646337],
            [-81.186719, 31.666982],
            [-81.197829, 31.704008],
            [-81.161862, 31.743696],
            [-81.098352, 31.75323],
            [-81.06608, 31.788163],
            [-81.065021, 31.813562],
            [-81.095716, 31.84108],
            [-81.113183, 31.878649],
            [-81.083004, 31.893997],
            [-81.045435, 31.891878],
            [-80.923195, 31.944795],
            [-80.872397, 32.029441],
            [-80.881931, 32.068611],
            [-80.849116, 32.114112],
            [-80.790903, 32.125765],
            [-80.758114, 32.142173],
            [-80.694061, 32.215708],
            [-80.702019, 32.245887],
            [-80.733749, 32.265473],
            [-80.765504, 32.298261],
            [-80.797802, 32.363348],
            [-80.802556, 32.44802],
            [-80.709409, 32.33689],
            [-80.682951, 32.348543],
            [-80.67768, 32.381357],
            [-80.646984, 32.396162],
            [-80.625823, 32.326296],
            [-80.608356, 32.292965],
            [-80.579236, 32.287151],
            [-80.513633, 32.324203],
            [-80.485573, 32.351721],
            [-80.474462, 32.422621],
            [-80.53004, 32.475537],
            [-80.634272, 32.511504],
            [-80.572363, 32.533751],
            [-80.460716, 32.521581],
            [-80.362815, 32.500936],
            [-80.268092, 32.537446],
            [-80.229464, 32.576617],
            [-80.180242, 32.593024],
            [-80.122572, 32.589303],
            [-80.021492, 32.619999],
            [-79.940541, 32.667102],
            [-79.893438, 32.728494],
            [-79.933126, 32.809961],
            [-79.805072, 32.787224],
            [-79.735231, 32.824793],
            [-79.615109, 32.909464],
            [-79.587049, 33.000983],
            [-79.498682, 33.027442],
            [-79.41985, 33.042273],
            [-79.275905, 33.13542],
            [-79.229344, 33.185158],
            [-79.281202, 33.315331],
            [-79.226683, 33.404757],
            [-79.227226, 33.362951],
            [-79.238336, 33.312153],
            [-79.193894, 33.243888],
            [-79.138316, 33.405817],
            [-78.920319, 33.658747],
            [-78.841461, 33.723833],
            [-78.577937, 33.873075],
            [-78.405958, 33.917517],
            [-78.01332, 33.911703],
            [-77.970455, 33.993171],
            [-77.953531, 34.168871],
            [-77.926013, 34.073088],
            [-77.932886, 33.989476],
            [-77.927589, 33.939737],
            [-77.887902, 34.050351],
            [-77.860927, 34.149285],
            [-77.750856, 34.284755],
            [-77.69688, 34.331858],
            [-77.649777, 34.357257],
            [-77.517485, 34.451437],
            [-77.379897, 34.526601],
            [-77.402117, 34.554635],
            [-77.412711, 34.592204],
            [-77.412194, 34.730852],
            [-77.384677, 34.694317],
            [-77.358218, 34.620264],
            [-77.296284, 34.602798],
            [-77.251842, 34.615484],
            [-77.133839, 34.708088],
            [-77.04971, 34.697521],
            [-76.895714, 34.701216],
            [-76.796754, 34.704394],
            [-76.733269, 34.707029],
            [-76.663945, 34.687986],
            [-76.673997, 34.700156],
            [-76.622139, 34.694317],
            [-76.547518, 34.655172],
            [-76.546459, 34.654629],
            [-76.517365, 34.646723],
            [-76.436931, 34.756251],
            [-76.256477, 34.914458],
            [-75.963859, 35.118735],
            [-75.983961, 35.122973],
            [-75.864899, 35.174287],
            [-75.685504, 35.218212],
            [-75.690284, 35.22139],
            [-75.536288, 35.278545],
            [-75.488126, 35.479618],
            [-75.481253, 35.572222],
            [-75.504533, 35.735209],
            [-75.504016, 35.755311],
            [-75.58073, 35.872255],
            [-75.534169, 35.819338],
            [-75.558509, 35.879128],
            [-75.758006, 36.229443],
            [-75.890298, 36.657013],
            [-75.941638, 36.765482],
            [-75.966495, 36.861807],
            [-75.999309, 36.912605],
            [-76.001428, 36.912605],
            [-75.938977, 37.157603],
            [-75.934223, 37.151789],
            [-75.853788, 37.296768],
            [-75.811982, 37.425364],
            [-75.766998, 37.472984],
            [-75.698733, 37.516393],
            [-75.631528, 37.535435],
            [-75.587086, 37.558716],
            [-75.59662, 37.631192],
            [-75.353715, 38.065119],
            [-75.291807, 38.129146],
            [-75.225661, 38.242395],
            [-75.160058, 38.255107],
            [-75.141532, 38.297973],
            [-75.134116, 38.384221],
            [-75.11665, 38.406442],
            [-75.089675, 38.425484],
            [-75.073267, 38.410136],
            [-75.074327, 38.365695],
            [-75.051047, 38.383161],
            [-75.038877, 38.426544],
            [-75.035699, 38.503283],
            [-75.072725, 38.578937],
            [-75.110836, 38.599582],
            [-75.187033, 38.591107],
            [-75.128303, 38.632397],
            [-75.083861, 38.722882],
            [-75.088615, 38.776858],
            [-75.088615, 38.777375],
            [-74.937798, 38.945143],
            [-74.923509, 38.940879],
            [-74.794396, 39.001754],
            [-74.645697, 39.208124],
            [-74.60495, 39.247295],
            [-74.602831, 39.292796],
            [-74.578491, 39.316076],
            [-74.5171, 39.346772],
            [-74.47426, 39.342534],
            [-74.428733, 39.386976],
            [-74.41075, 39.454724],
            [-74.390105, 39.486996],
            [-74.407055, 39.548904],
            [-74.330832, 39.535675],
            [-74.256754, 39.613991],
            [-74.17632, 39.726723],
            [-74.117589, 39.938389],
            [-74.095885, 39.975958],
            [-74.064673, 39.992882],
            [-74.084258, 39.828835],
            [-74.080021, 39.788088],
            [-74.048808, 39.923041],
            [-74.028163, 40.072774],
            [-74.003824, 40.171192],
            [-73.972068, 40.250567],
            [-73.95778, 40.328366],
            [-73.972068, 40.400351],
            [-73.998527, 40.452208],
            [-74.049867, 40.429961],
            [-74.241406, 40.45642],
            [-74.264169, 40.528379],
            [-74.226601, 40.607754],
            [-74.186913, 40.647984],
            [-74.153039, 40.673383],
            [-74.116013, 40.687129],
            [-74.067308, 40.719427],
            [-74.025528, 40.756479],
            [-73.927084, 40.91417],
            [-73.909101, 40.99618],
            [-73.917576, 41.135887],
            [-73.96995, 41.249653],
            [-73.925508, 41.217898],
            [-73.8821, 41.170795],
            [-73.872049, 41.05491],
            [-73.906982, 40.912568],
            [-73.948788, 40.838489],
            [-73.986874, 40.751182],
            [-73.947186, 40.777098],
            [-73.910677, 40.816269],
            [-73.85143, 40.831617],
            [-73.829183, 40.845879],
            [-73.819132, 40.812548],
            [-73.879464, 40.791929],
            [-73.964653, 40.725241],
            [-74.003281, 40.682918],
            [-74.031858, 40.638476],
            [-74.014934, 40.581296],
            [-73.929203, 40.598788],
            [-73.875227, 40.651705],
            [-73.822853, 40.655917],
            [-73.79903, 40.641111],
            [-73.801149, 40.621526],
            [-73.899566, 40.570728],
            [-73.766758, 40.592949],
            [-73.620695, 40.599848],
            [-73.265626, 40.663332],
            [-73.2286, 40.651705],
            [-73.194183, 40.654341],
            [-72.762917, 40.77764],
            [-72.676153, 40.79087],
            [-72.555488, 40.825777],
            [-72.427951, 40.875541],
            [-72.339067, 40.894042],
            [-71.903022, 41.06075],
            [-72.004101, 41.044317],
            [-72.102002, 41.015223],
            [-72.151198, 41.051216],
            [-72.184012, 41.046978],
            [-72.28721, 41.024215],
            [-72.408908, 40.972357],
            [-72.461308, 40.933729],
            [-72.516343, 40.914686],
            [-72.580887, 40.921559],
            [-72.509987, 40.986129],
            [-72.427434, 41.038503],
            [-72.273981, 41.152811],
            [-72.312609, 41.141701],
            [-72.256514, 41.293035],
            [-72.073941, 41.32585],
            [-71.930023, 41.341198],
            [-71.769154, 41.331147],
            [-71.523096, 41.378767],
            [-71.443721, 41.453904],
            [-71.426772, 41.633299],
            [-71.363804, 41.702623],
            [-71.390262, 41.795227],
            [-71.35905, 41.786235],
            [-71.330473, 41.762412],
            [-71.310887, 41.720089],
            [-71.2712, 41.681461],
            [-71.178596, 41.743886],
            [-71.148959, 41.745463],
            [-71.204537, 41.641231],
            [-71.188647, 41.516355],
            [-71.168544, 41.489354],
            [-71.079635, 41.538059],
            [-70.974344, 41.548627],
            [-70.701286, 41.714793],
            [-70.666353, 41.710038],
            [-70.655242, 41.6079],
            [-70.667955, 41.558161],
            [-70.657361, 41.534338],
            [-70.481145, 41.582501],
            [-70.404431, 41.626943],
            [-70.059413, 41.677224],
            [-69.986911, 41.684097],
            [-69.948826, 41.677224],
            [-69.945105, 41.685673],
            [-65.740349, 43.55946],
            [-65.73823, 43.56052],
            [-65.662033, 43.534061],
            [-65.564675, 43.553104],
            [-65.481579, 43.518171],
            [-65.450366, 43.52401],
            [-65.428662, 43.561579],
            [-65.386339, 43.565274],
            [-65.344533, 43.549409],
            [-65.329728, 43.667955],
            [-65.235005, 43.726685],
            [-65.172037, 43.73144],
            [-65.086823, 43.727202],
            [-64.862469, 43.867969],
            [-64.825417, 43.92936],
            [-64.69155, 44.021422],
            [-64.578301, 44.142086],
            [-64.468773, 44.184952],
            [-64.378287, 44.303472],
            [-64.334362, 44.291819],
            [-64.275632, 44.334168],
            [-64.312141, 44.414602],
            [-64.3386, 44.444755],
            [-64.2862, 44.550588],
            [-64.167137, 44.586581],
            [-64.100991, 44.487621],
            [-64.04438, 44.545292],
            [-64.044897, 44.587615],
            [-63.999912, 44.644795],
            [-63.923715, 44.604048],
            [-63.891443, 44.546351],
            [-63.820543, 44.510901],
            [-63.761271, 44.486561],
            [-63.609936, 44.480205],
            [-63.567587, 44.514622],
            [-63.54485, 44.543716],
            [-63.558079, 44.610378],
            [-63.604097, 44.683423],
            [-63.544307, 44.654846],
            [-63.457, 44.640015],
            [-63.380803, 44.651668],
            [-63.306182, 44.64265],
            [-63.155907, 44.711457],
            [-63.089219, 44.708279],
            [-63.031548, 44.714635],
            [-62.768024, 44.785019],
            [-62.514034, 44.843749],
            [-62.264799, 44.936353],
            [-62.026674, 44.994567],
            [-61.79382, 45.084535],
            [-61.719225, 45.094586],
            [-61.647239, 45.130553],
            [-61.568924, 45.153833],
            [-61.498024, 45.157011],
            [-61.387436, 45.185046],
            [-61.283721, 45.235327],
            [-61.165176, 45.255972],
            [-61.101149, 45.233208],
            [-61.067817, 45.252794],
            [-61.031308, 45.291964],
            [-61.070995, 45.33005],
            [-61.106962, 45.348576],
            [-61.460972, 45.366559],
            [-61.376326, 45.410484],
            [-61.28212, 45.44118],
            [-61.276823, 45.476088],
            [-61.350384, 45.573472],
            [-61.42764, 45.648067],
            [-61.49221, 45.687237],
            [-61.505439, 45.683543],
            [-61.507015, 45.689356],
            [-61.455158, 45.708942],
            [-61.448285, 45.714755],
            [-61.408598, 45.669254],
            [-61.323409, 45.598354],
            [-61.283721, 45.574014],
            [-61.236076, 45.572412],
            [-61.186337, 45.585125],
            [-61.083682, 45.582463],
            [-61.033943, 45.593574],
            [-60.978391, 45.60626],
            [-60.871499, 45.610524],
            [-60.763547, 45.590938],
            [-60.673061, 45.590938],
            [-60.386257, 45.654423],
            [-60.20526, 45.742815],
            [-60.114258, 45.819012],
            [-60.01584, 45.880378],
            [-59.842259, 45.94177],
            [-59.827971, 45.96505],
            [-59.933804, 46.019569],
            [-59.880887, 46.061892],
            [-59.848615, 46.11269],
            [-59.850191, 46.141267],
            [-59.865023, 46.15925],
            [-59.877709, 46.163487],
            [-56.371463, 46.778385],
            [-56.302139, 46.821251],
            [-56.353997, 46.795309],
            [-56.384692, 46.819649],
            [-56.377277, 46.847709],
            [-56.332292, 46.915948],
            [-56.333894, 46.935559],
            [-56.386811, 47.067851],
            [-56.377819, 47.089529],
            [-56.36459, 47.099063],
            [-56.287308, 47.071003],
            [-56.278316, 47.03501],
            [-56.314826, 46.954059],
            [-56.289969, 46.900083],
            [-56.255579, 46.860938],
            [-56.264028, 46.845048],
            [-56.232815, 46.864117],
            [-55.977224, 46.937135],
            [-55.954486, 46.944008],
            [-55.949706, 46.927601],
            [-55.880382, 46.887397],
            [-55.844932, 46.873625],
            [-55.78832, 46.867295],
            [-55.652308, 46.881583],
            [-55.53061, 46.913855],
            [-55.47927, 46.917033],
            [-55.401497, 46.899024],
            [-55.315765, 46.905923],
            [-55.254916, 46.94189],
            [-55.139549, 47.046147],
            [-55.099344, 47.103818],
            [-55.090353, 47.174201],
            [-54.856465, 47.384808],
            [-54.80143, 47.39858],
            [-54.744792, 47.395402],
            [-54.651129, 47.408088],
            [-54.574415, 47.457827],
            [-54.473853, 47.547253],
            [-54.463285, 47.536143],
            [-54.54266, 47.425038],
            [-54.562762, 47.375274],
            [-54.488141, 47.403851],
            [-54.45587, 47.427674],
            [-54.434708, 47.462065],
            [-54.404555, 47.555728],
            [-54.234152, 47.771632],
            [-54.218287, 47.84677],
            [-54.191829, 47.859999],
            [-54.047367, 47.805506],
            [-53.989154, 47.756284],
            [-53.953704, 47.67585],
            [-53.939932, 47.644637],
            [-53.900787, 47.509168],
            [-53.878024, 47.463666],
            [-53.849447, 47.44036],
            [-53.869032, 47.386927],
            [-53.970628, 47.262025],
            [-54.092868, 47.086351],
            [-54.155319, 46.967289],
            [-54.173303, 46.917033],
            [-54.17382, 46.880524],
            [-54.132556, 46.838692],
            [-54.102403, 46.824946],
            [-54.075944, 46.820192],
            [-54.009799, 46.839777],
            [-53.86004, 46.939254],
            [-53.774309, 47.011756],
            [-53.695451, 47.092707],
            [-53.636204, 47.137692],
            [-53.597576, 47.146166],
            [-53.578507, 47.133454],
            [-53.579566, 47.09958],
            [-53.612381, 47.010154],
            [-53.581168, 46.957237],
            [-53.594914, 46.888456],
            [-53.616618, 46.680484],
            [-53.589617, 46.638678],
            [-53.567939, 46.62811],
            [-53.536184, 46.632348],
            [-53.381672, 46.71118],
            [-53.322915, 46.718596],
            [-53.291186, 46.716994],
            [-53.254677, 46.697951],
            [-53.21393, 46.660382],
            [-53.166827, 46.64661],
            [-53.114969, 46.655628],
            [-53.069985, 46.681027],
            [-53.031874, 46.722833],
            [-52.961516, 46.819649],
            [-52.889014, 46.974187],
            [-52.882141, 47.011213],
            [-52.887955, 47.045604],
            [-52.912294, 47.103275],
            [-52.683704, 47.426098],
            [-52.668356, 47.469997],
            [-52.653525, 47.549372],
            [-52.672051, 47.621874],
            [-52.703263, 47.692774],
            [-52.711221, 47.745174],
            [-52.742951, 47.767395],
            [-52.731324, 47.783802],
            [-43.947157, 59.778419],
            [-43.943979, 59.818649],
            [-43.90641, 59.815471],
            [-43.789983, 59.846166],
            [-43.706371, 59.849319],
            [-43.657691, 59.858853],
            [-43.730193, 59.903837],
            [-43.937623, 59.994323],
            [-43.955089, 60.025535],
            [-43.668285, 59.958873],
            [-43.616945, 59.937169],
            [-43.320089, 59.928177],
            [-43.234901, 59.991145],
            [-43.122711, 60.060985],
            [-43.165577, 60.26366],
            [-43.165034, 60.301229],
            [-43.156585, 60.332984],
            [-43.213197, 60.390681],
            [-43.29575, 60.445174],
            [-43.532815, 60.473208],
            [-43.665624, 60.502845],
            [-43.831273, 60.521913],
            [-43.939741, 60.567414],
            [-43.922817, 60.595449],
            [-43.792102, 60.59439],
            [-43.598444, 60.575889],
            [-43.348124, 60.519795],
            [-43.188857, 60.507082],
            [-43.159763, 60.517133],
            [-43.043853, 60.523489],
            [-42.716844, 60.767428],
            [-42.645944, 61.064309],
            [-42.493525, 61.362741],
            [-42.41893, 61.536838],
            [-42.347487, 61.617273],
            [-42.323664, 61.681817],
            [-42.58507, 61.717293],
            [-42.530577, 61.755378],
            [-42.365471, 61.774421],
            [-42.249586, 61.771269],
            [-42.110422, 61.857],
            [-42.153804, 61.953299],
            [-42.143236, 62.013631],
            [-42.236357, 62.059132],
            [-42.321546, 62.152796],
            [-42.24801, 62.289325],
            [-42.233179, 62.347538],
            [-42.197729, 62.397277],
            [-42.24323, 62.466058],
            [-42.164398, 62.512102],
            [-42.152745, 62.568713],
            [-42.467066, 62.59835],
            [-42.673436, 62.637521],
            [-42.855492, 62.676666],
            [-42.94174, 62.720048],
            [-42.849136, 62.726404],
            [-42.741184, 62.713175],
            [-42.423684, 62.723226],
            [-42.315732, 62.707361],
            [-42.058022, 62.694132],
            [-41.974952, 62.73382],
            [-41.908806, 62.736998],
            [-41.723055, 62.89151],
            [-41.64368, 62.91585],
            [-41.634688, 62.972461],
            [-41.932086, 63.052379],
            [-42.094014, 63.116923],
            [-42.142693, 63.151339],
            [-42.174449, 63.20901],
            [-42.092412, 63.189425],
            [-42.019936, 63.159789],
            [-41.844236, 63.070362],
            [-41.627815, 63.064549],
            [-41.447904, 63.06876],
            [-41.388114, 63.061913],
            [-41.274865, 63.130695],
            [-41.19549, 63.20901],
            [-41.10764, 63.27358],
            [-41.135158, 63.309004],
            [-41.152082, 63.348692],
            [-41.056326, 63.412202],
            [-41.04891, 63.513798],
            [-40.907084, 63.507984],
            [-40.775335, 63.533383],
            [-40.771614, 63.625987],
            [-40.550439, 63.725465],
            [-40.561007, 63.762517],
            [-40.652552, 63.927623],
            [-40.617644, 64.131874],
            [-40.82559, 64.16257],
            [-40.966357, 64.154637],
            [-41.030384, 64.121306],
            [-41.174846, 64.177375],
            [-41.581255, 64.298556],
            [-41.177507, 64.281632],
            [-41.079606, 64.266284],
            [-40.98434, 64.235046],
            [-40.781665, 64.221817],
            [-40.686426, 64.266827],
            [-40.698596, 64.329795],
            [-40.477395, 64.3446],
            [-40.27844, 64.423975],
            [-40.182141, 64.48007],
            [-40.209659, 64.536164],
            [-40.27844, 64.595954],
            [-40.432953, 64.67321],
            [-40.52132, 64.825604],
            [-40.65573, 64.915573],
            [-40.829311, 64.878004],
            [-40.96584, 64.869012],
            [-41.027749, 64.987532],
            [-41.088598, 65.035152],
            [-41.08436, 65.100781],
            [-40.880626, 65.081713],
            [-40.667383, 65.108713],
            [-40.253041, 65.048924],
            [-40.028146, 65.102357],
            [-39.937117, 65.141528],
            [-39.76302, 65.254777],
            [-39.652432, 65.288108],
            [-39.577811, 65.341025],
            [-39.656153, 65.369059],
            [-40.19165, 65.522538],
            [-40.173666, 65.556386],
            [-39.96094, 65.556386],
            [-39.413248, 65.586023],
            [-39.088875, 65.610879],
            [-38.636964, 65.624108],
            [-38.20358, 65.711958],
            [-38.201978, 65.810919],
            [-38.216266, 65.838436],
            [-38.442764, 65.921506],
            [-38.520537, 66.009899],
            [-38.398323, 65.982898],
            [-38.14007, 65.903523],
            [-38.073407, 65.97233],
            [-37.969692, 66.141131],
            [-37.869156, 66.203039],
            [-37.752186, 66.26177],
            [-37.989278, 66.322619],
            [-38.156477, 66.385586],
            [-38.051703, 66.398299],
            [-37.81412, 66.385586],
            [-37.569639, 66.348018],
            [-37.290767, 66.323678],
            [-37.278598, 66.304635],
            [-37.484451, 66.194565],
            [-37.787662, 65.978144],
            [-37.82629, 65.909879],
            [-37.797171, 65.856962],
            [-37.842155, 65.81358],
            [-38.001448, 65.70984],
            [-37.954861, 65.633643],
            [-37.754305, 65.592896],
            [-37.66382, 65.631007],
            [-37.51618, 65.628888],
            [-37.40983, 65.656406],
            [-37.329912, 65.720433],
            [-37.316166, 65.790274],
            [-37.233096, 65.788181],
            [-37.062693, 65.871251],
            [-37.025641, 65.841098],
            [-36.932521, 65.782342],
            [-36.821933, 65.771231],
            [-36.714498, 65.795054],
            [-36.665302, 65.790274],
            [-36.637241, 65.812521],
            [-36.537222, 65.941092],
            [-36.522933, 65.973389],
            [-36.527171, 66.007754],
            [-36.389065, 65.959618],
            [-36.399116, 65.929981],
            [-36.379014, 65.831021],
            [-36.288529, 65.864895],
            [-36.044048, 65.986619],
            [-35.818092, 66.059095],
            [-35.729183, 66.102503],
            [-35.630249, 66.140046],
            [-35.755641, 66.323678],
            [-35.812279, 66.358611],
            [-35.8345, 66.386646],
            [-35.862017, 66.406231],
            [-35.867314, 66.441164],
            [-35.705386, 66.373959],
            [-35.661978, 66.343806],
            [-35.411683, 66.26177],
            [-35.291044, 66.268643],
            [-35.188389, 66.250143],
            [-35.074624, 66.279236],
            [-34.632764, 66.434808],
            [-34.576153, 66.470775],
            [-34.523753, 66.523175],
            [-34.476133, 66.591982],
            [-34.422674, 66.630068],
            [-34.313662, 66.635881],
            [-34.268704, 66.624771],
            [-34.19832, 66.65495],
            [-34.101479, 66.72585],
            [-33.881363, 66.942271],
            [-33.608305, 67.174065],
            [-33.52787, 67.258195],
            [-33.497717, 67.317984],
            [-33.517819, 67.353977],
            [-33.50459, 67.377257],
            [-33.458547, 67.386791],
            [-33.348992, 67.44286],
            [-33.29344, 67.485726],
            [-33.156911, 67.626493],
            [-33.108232, 67.658248],
            [-33.048959, 67.679409],
            [-32.918269, 67.700571],
            [-32.448892, 67.870948],
            [-32.369517, 67.882601],
            [-32.274794, 67.922831],
            [-32.164724, 67.991096],
            [-32.155732, 68.063055],
            [-32.248853, 68.139252],
            [-32.366882, 68.212788],
            [-32.354686, 68.224983],
            [-32.28221, 68.224983],
            [-32.223997, 68.236094],
            [-32.180072, 68.257255],
            [-32.195419, 68.291646],
            [-32.269498, 68.339291],
            [-32.313423, 68.387428],
            [-32.327194, 68.437167],
            [-32.137206, 68.384767],
            [-31.741933, 68.229737],
            [-31.419653, 68.128684],
            [-31.168299, 68.079979],
            [-30.992625, 68.063055],
            [-30.992625, 68.060936],
            [-24.021371, 64.871648]
          ],
          [
            [-3.331497, 58.97144],
            [-3.304496, 58.967202],
            [-3.24207, 58.9995],
            [-3.232536, 58.989423],
            [-3.232536, 58.955575],
            [-3.223544, 58.938625],
            [-3.200781, 58.925396],
            [-3.16639, 58.919065],
            [-2.994954, 58.939168],
            [-2.863721, 58.890463],
            [-2.826153, 58.893124],
            [-2.792821, 58.906896],
            [-2.762642, 58.955575],
            [-2.817678, 58.982033],
            [-2.88434, 58.984669],
            [-2.994411, 59.005313],
            [-3.070634, 59.004771],
            [-3.057405, 59.029653],
            [-3.019836, 59.057687],
            [-3.019293, 59.076213],
            [-3.051049, 59.098977],
            [-3.156339, 59.136546],
            [-3.248427, 59.143961],
            [-3.310335, 59.130732],
            [-3.346844, 59.065103],
            [-3.353717, 59.018543],
            [-3.346844, 58.986787],
            [-3.331497, 58.97144]
          ],
          [
            [-12.607261, 7.474531],
            [-12.540573, 7.410504],
            [-12.526284, 7.43642],
            [-12.500368, 7.534863],
            [-12.512538, 7.582483],
            [-12.544293, 7.60734],
            [-12.615193, 7.636976],
            [-12.854378, 7.622171],
            [-12.951736, 7.57083],
            [-12.607261, 7.474531]
          ],
          [
            [-13.859794, 28.869272],
            [-13.784114, 28.845449],
            [-13.71585, 28.911078],
            [-13.554464, 28.960274],
            [-13.477725, 29.00686],
            [-13.453928, 29.151322],
            [-13.422715, 29.19734],
            [-13.463436, 29.237027],
            [-13.501548, 29.211111],
            [-13.534905, 29.144423],
            [-13.650247, 29.119024],
            [-13.788378, 29.056056],
            [-13.823802, 29.013191],
            [-13.859794, 28.869272]
          ],
          [
            [-14.028596, 28.617375],
            [-14.152412, 28.406768],
            [-14.231787, 28.215746],
            [-14.35563, 28.129498],
            [-14.491616, 28.100921],
            [-14.468853, 28.082395],
            [-14.332866, 28.055936],
            [-14.19688, 28.169185],
            [-13.928059, 28.253315],
            [-13.862973, 28.409429],
            [-13.827523, 28.585103],
            [-13.82698, 28.691479],
            [-13.857159, 28.738039],
            [-13.886253, 28.744912],
            [-13.953975, 28.741218],
            [-14.003197, 28.706827],
            [-14.028596, 28.617375]
          ],
          [
            [-15.400734, 28.147481],
            [-15.415565, 28.159134],
            [-15.432489, 28.154354],
            [-15.452591, 28.136913],
            [-15.682784, 28.153837],
            [-15.72087, 28.064411],
            [-15.809236, 27.994545],
            [-15.807117, 27.887652],
            [-15.710302, 27.783937],
            [-15.655783, 27.758539],
            [-15.559484, 27.746911],
            [-15.436701, 27.810938],
            [-15.389107, 27.874423],
            [-15.383267, 27.992969],
            [-15.406548, 28.070768],
            [-15.400734, 28.147481]
          ],
          [
            [-16.41832, 28.151202],
            [-16.334708, 28.379793],
            [-16.119346, 28.528492],
            [-16.123558, 28.576111],
            [-16.318843, 28.558128],
            [-16.517281, 28.412607],
            [-16.556968, 28.400437],
            [-16.752228, 28.369742],
            [-16.84323, 28.376098],
            [-16.905138, 28.339562],
            [-16.865993, 28.293002],
            [-16.794551, 28.149083],
            [-16.658022, 28.007257],
            [-16.54268, 28.032139],
            [-16.496094, 28.06175],
            [-16.41832, 28.151202]
          ],
          [
            [-17.018387, 32.662864],
            [-16.837416, 32.648059],
            [-16.765457, 32.709942],
            [-16.693472, 32.758104],
            [-16.773906, 32.773452],
            [-16.928961, 32.8412],
            [-17.05438, 32.815775],
            [-17.190909, 32.868692],
            [-17.24119, 32.807326],
            [-17.225842, 32.766579],
            [-17.171324, 32.722137],
            [-17.018387, 32.662864]
          ],
          [
            [-17.744415, 28.786719],
            [-17.797332, 28.846508],
            [-17.928564, 28.84439],
            [-18.00104, 28.758142],
            [-17.881978, 28.564458],
            [-17.85924, 28.485626],
            [-17.834384, 28.493041],
            [-17.758161, 28.569238],
            [-17.744415, 28.615799],
            [-17.751805, 28.688818],
            [-17.726406, 28.724268],
            [-17.744415, 28.786719]
          ],
          [
            [-22.884205, 15.992538],
            [-22.820695, 15.986182],
            [-22.710107, 16.043336],
            [-22.682073, 16.113177],
            [-22.69264, 16.169272],
            [-22.749278, 16.221646],
            [-22.802711, 16.225367],
            [-22.834466, 16.21901],
            [-22.917536, 16.236994],
            [-22.91596, 16.148627],
            [-22.959342, 16.044912],
            [-22.884205, 15.992538]
          ],
          [
            [-23.784848, 15.077065],
            [-23.705473, 14.96118],
            [-23.637208, 14.923611],
            [-23.504916, 14.916196],
            [-23.444067, 15.007741],
            [-23.53507, 15.139515],
            [-23.580054, 15.160677],
            [-23.700718, 15.271807],
            [-23.707049, 15.316791],
            [-23.748338, 15.328419],
            [-23.759449, 15.310952],
            [-23.754694, 15.243747],
            [-23.782729, 15.165974],
            [-23.784848, 15.077065]
          ],
          [
            [-24.329362, 15.019394],
            [-24.391787, 15.038436],
            [-24.497104, 14.980223],
            [-24.517232, 14.931027],
            [-24.49235, 14.87439],
            [-24.440492, 14.834702],
            [-24.385974, 14.818295],
            [-24.308201, 14.856406],
            [-24.296031, 14.929425],
            [-24.329362, 15.019394]
          ],
          [
            [-25.30832, 16.936021],
            [-25.267031, 16.92597],
            [-25.169673, 16.946614],
            [-25.017279, 17.04927],
            [-24.97971, 17.094771],
            [-25.034745, 17.176265],
            [-25.113578, 17.193731],
            [-25.336898, 17.091076],
            [-25.341652, 17.067796],
            [-25.322092, 17.015396],
            [-25.30832, 16.936021]
          ],
          [
            [-25.848055, 37.872521],
            [-25.833766, 37.825934],
            [-25.734289, 37.762967],
            [-25.43901, 37.715347],
            [-25.251166, 37.734932],
            [-25.190834, 37.764569],
            [-25.181842, 37.838104],
            [-25.266514, 37.848698],
            [-25.58559, 37.833893],
            [-25.649101, 37.840765],
            [-25.783511, 37.911149],
            [-25.845936, 37.894199],
            [-25.848055, 37.872521]
          ],
          [
            [-27.385842, 38.765748],
            [-27.362019, 38.698],
            [-27.302747, 38.660974],
            [-27.095317, 38.633973],
            [-27.075215, 38.643507],
            [-27.041884, 38.678957],
            [-27.041884, 38.741408],
            [-27.127073, 38.790087],
            [-27.259881, 38.802774],
            [-27.350909, 38.789028],
            [-27.385842, 38.765748]
          ],
          [
            [-28.147294, 38.452485],
            [-28.402344, 38.553539],
            [-28.510321, 38.553022],
            [-28.548924, 38.518631],
            [-28.53094, 38.462536],
            [-28.454743, 38.40856],
            [-28.332503, 38.412798],
            [-28.230907, 38.384737],
            [-28.189617, 38.404323],
            [-28.064741, 38.412798],
            [-28.147294, 38.452485]
          ],
          [
            [-37.22302, 65.695577],
            [-37.238367, 65.609846],
            [-37.187053, 65.531504],
            [-37.031481, 65.532047],
            [-36.987013, 65.575455],
            [-36.953165, 65.663279],
            [-37.047346, 65.722035],
            [-37.22302, 65.695577]
          ],
          [
            [-67.593145, 35.026729],
            [-68.784723, 34.780195],
            [-69.608401, 33.791781],
            [-70.05753, 31.481977],
            [-70.05753, 25.137196],
            [-69.773137, 24.154748],
            [-67.878677, 22.589759],
            [-66.445591, 21.892582],
            [-61.575339, 20.470832],
            [-57.657859, 20.035556],
            [-53.892953, 20.035556],
            [-51.816955, 20.365828],
            [-50.663805, 21.271874],
            [-50.169598, 22.836863],
            [-50.026235, 23.499918],
            [-50.026235, 32.341476],
            [-50.416702, 33.791781],
            [-51.487483, 34.615459],
            [-53.864353, 35.028828],
            [-67.593145, 35.026729]
          ],
          [
            [-50.455907, 1.910349],
            [-50.398753, 1.892882],
            [-50.298733, 1.938383],
            [-50.29186, 1.979673],
            [-50.342141, 2.141601],
            [-50.36276, 2.154287],
            [-50.418855, 2.161703],
            [-50.49084, 2.128372],
            [-50.508824, 2.029411],
            [-50.455907, 1.910349]
          ],
          [
            [-73.011636, 21.299527],
            [-73.058739, 21.313299],
            [-73.137055, 21.20483],
            [-73.235473, 21.154549],
            [-73.301618, 21.156125],
            [-73.424376, 21.201652],
            [-73.523336, 21.191058],
            [-73.585245, 21.125972],
            [-73.68051, 21.103208],
            [-73.669374, 21.082047],
            [-73.667798, 21.061402],
            [-73.68684, 21.009028],
            [-73.681027, 20.975697],
            [-73.660925, 20.937585],
            [-73.400579, 20.943942],
            [-73.164573, 20.979392],
            [-73.058739, 21.119099],
            [-73.026984, 21.19266],
            [-73.011636, 21.299527]
          ],
          [
            [-74.126581, 22.32347],
            [-74.261534, 22.235646],
            [-74.276882, 22.183788],
            [-74.206499, 22.213942],
            [-74.092707, 22.306003],
            [-73.974704, 22.361039],
            [-73.836599, 22.538315],
            [-73.877346, 22.680657],
            [-73.849828, 22.730938],
            [-73.954085, 22.715591],
            [-73.975247, 22.682259],
            [-73.976306, 22.635156],
            [-73.914398, 22.567951],
            [-73.906465, 22.527204],
            [-73.936076, 22.477982],
            [-73.994832, 22.449431],
            [-74.01018, 22.427727],
            [-74.052503, 22.400726],
            [-74.126581, 22.32347]
          ],
          [
            [-75.216669, 23.546909],
            [-75.316147, 23.668607],
            [-75.30979, 23.589775],
            [-75.288112, 23.568071],
            [-75.241009, 23.474407],
            [-75.157397, 23.336302],
            [-75.130422, 23.268037],
            [-75.140989, 23.204527],
            [-75.2045, 23.1929],
            [-75.223542, 23.165382],
            [-75.131998, 23.11722],
            [-74.973248, 23.068541],
            [-74.84677, 22.868527],
            [-74.840439, 22.894443],
            [-74.845736, 22.999759],
            [-74.937281, 23.088126],
            [-75.064276, 23.150034],
            [-75.108717, 23.332607],
            [-75.175406, 23.43844],
            [-75.216669, 23.546909]
          ],
          [
            [-75.412471, 24.22108],
            [-75.481253, 24.173977],
            [-75.503474, 24.139044],
            [-75.467507, 24.139586],
            [-75.368547, 24.159688],
            [-75.301858, 24.149095],
            [-75.308214, 24.199893],
            [-75.518305, 24.42745],
            [-75.526237, 24.449671],
            [-75.653749, 24.680923],
            [-75.709844, 24.69733],
            [-75.726793, 24.689372],
            [-75.74426, 24.654464],
            [-75.661164, 24.589895],
            [-75.638943, 24.529562],
            [-75.5929, 24.491477],
            [-75.493965, 24.330608],
            [-75.408751, 24.265522],
            [-75.412471, 24.22108]
          ],
          [
            [-76.169686, 24.649168],
            [-76.174466, 24.759755],
            [-76.140592, 24.885691],
            [-76.115193, 25.094722],
            [-76.126846, 25.140765],
            [-76.191933, 25.191021],
            [-76.343784, 25.331787],
            [-76.484034, 25.374653],
            [-76.648598, 25.487359],
            [-76.711049, 25.565158],
            [-76.726913, 25.551386],
            [-76.749134, 25.480486],
            [-76.780889, 25.427027],
            [-76.693039, 25.442918],
            [-76.620537, 25.431807],
            [-76.499899, 25.341322],
            [-76.369183, 25.312745],
            [-76.284537, 25.222259],
            [-76.160178, 25.119604],
            [-76.152762, 25.02594],
            [-76.20462, 24.935972],
            [-76.213611, 24.822206],
            [-76.319987, 24.817452],
            [-76.300402, 24.795748],
            [-76.241129, 24.754458],
            [-76.205162, 24.681982],
            [-76.169686, 24.649168]
          ],
          [
            [-77.787365, 26.935695],
            [-77.862503, 26.939932],
            [-77.943997, 26.903423],
            [-77.79584, 26.901304],
            [-77.510612, 26.845726],
            [-77.330158, 26.618195],
            [-77.238613, 26.561041],
            [-77.205799, 26.489081],
            [-77.230138, 26.424511],
            [-77.221147, 26.361544],
            [-77.247605, 26.289042],
            [-77.246546, 26.156233],
            [-77.294165, 26.095384],
            [-77.403177, 26.024458],
            [-77.333336, 25.995364],
            [-77.246546, 25.895345],
            [-77.225384, 25.904336],
            [-77.190993, 25.955677],
            [-77.167171, 26.240362],
            [-77.038057, 26.333509],
            [-77.066117, 26.530345],
            [-77.161874, 26.597033],
            [-77.257139, 26.638839],
            [-77.269309, 26.663179],
            [-77.266131, 26.688578],
            [-77.295767, 26.711858],
            [-77.368786, 26.747851],
            [-77.449221, 26.836218],
            [-77.533892, 26.903423],
            [-77.671998, 26.913991],
            [-77.787365, 26.935695]
          ],
          [
            [-77.531774, 23.939547],
            [-77.53707, 23.961768],
            [-77.531774, 23.987709],
            [-77.56141, 24.136925],
            [-77.615386, 24.2163],
            [-77.683108, 24.118399],
            [-77.755093, 24.163383],
            [-77.656133, 24.226351],
            [-77.657709, 24.249631],
            [-77.701634, 24.287743],
            [-77.757186, 24.269759],
            [-77.84979, 24.257589],
            [-77.883664, 24.242242],
            [-77.94981, 24.252809],
            [-78.000091, 24.220021],
            [-77.913843, 24.090881],
            [-77.852452, 24.040626],
            [-77.806408, 23.883452],
            [-77.775712, 23.862291],
            [-77.771475, 23.752762],
            [-77.57358, 23.738991],
            [-77.518544, 23.869706],
            [-77.52118, 23.91097],
            [-77.531774, 23.939547]
          ]
        ]
      }
    },
    {
      "type": "Feature",
      "properties": { "globee_ocean": "Pacific Ocean", "source_name": "Pacific Ocean" },
      "geometry": {
        "type": "MultiPolygon",
        "coordinates": [
          [
            [
              [179.999897, 50.986836],
              [179.999897, -0.052865],
              [174.457393, -0.052865],
              [173.822393, 1.217135],
              [173.610726, 2.910469],
              [172.975726, 3.651302],
              [172.234893, 3.651302],
              [171.81156, 2.698802],
              [172.023226, 1.428802],
              [172.552393, -0.057619],
              [131.066243, -0.057619],
              [131.026039, -0.040152],
              [130.986351, -0.046508],
              [130.813339, -0.004185],
              [130.722285, -0.029559],
              [130.584205, -0.045475],
              [130.56617, -0.057619],
              [129.91267, -0.057619],
              [129.036959, 1.647443],
              [128.662772, 2.376005],
              [128.688714, 2.473906],
              [128.601949, 2.597723],
              [128.575491, 2.596664],
              [128.574406, 2.621546],
              [144.718226, 12.911719],
              [145.247393, 13.440885],
              [145.882393, 14.605052],
              [146.199893, 15.663385],
              [146.305726, 16.615885],
              [146.25281, 17.674219],
              [146.199893, 18.838385],
              [145.882393, 19.632135],
              [145.353226, 20.637552],
              [144.66531, 20.902135],
              [142.389893, 21.272552],
              [141.80781, 21.748802],
              [141.543226, 22.542552],
              [141.543226, 23.865469],
              [142.12531, 25.029635],
              [142.44281, 25.982135],
              [142.548643, 26.722969],
              [142.44281, 27.622552],
              [142.019476, 28.310469],
              [140.908226, 30.003802],
              [140.484893, 31.115052],
              [140.484893, 31.908802],
              [140.114476, 33.125885],
              [139.796976, 33.919635],
              [139.03816, 34.769997],
              [139.085754, 34.839321],
              [139.121772, 34.956265],
              [139.115933, 35.097031],
              [139.133864, 35.154702],
              [139.162493, 35.210797],
              [139.24931, 35.278002],
              [139.363566, 35.298104],
              [139.474205, 35.298647],
              [139.564122, 35.243069],
              [139.636108, 35.142015],
              [139.675227, 35.149431],
              [139.730831, 35.22139],
              [139.74406, 35.252603],
              [139.700135, 35.273765],
              [139.665718, 35.319291],
              [139.649802, 35.409234],
              [139.767883, 35.494966],
              [139.77367, 35.520364],
              [139.770001, 35.549458],
              [139.786383, 35.611909],
              [139.834545, 35.657953],
              [139.909683, 35.668521],
              [139.987456, 35.668004],
              [140.043576, 35.633071],
              [140.09701, 35.584934],
              [140.086364, 35.540467],
              [140.027143, 35.485431],
              [139.944099, 35.423006],
              [139.905962, 35.345207],
              [139.826587, 35.296528],
              [139.851495, 35.232501],
              [139.829739, 35.072149],
              [139.843537, 35.009724],
              [139.799095, 34.956807],
              [139.844054, 34.915001],
              [139.920276, 34.899653],
              [139.959964, 34.947273],
              [140.059441, 35.038275],
              [140.158918, 35.096514],
              [140.315033, 35.155245],
              [140.35472, 35.181703],
              [140.392806, 35.22139],
              [140.416628, 35.266892],
              [140.412908, 35.394946],
              [140.457401, 35.510313],
              [140.597031, 35.632011],
              [140.639406, 35.661131],
              [140.87381, 35.725158],
              [140.813503, 35.782312],
              [140.759553, 35.845797],
              [140.621939, 36.059065],
              [140.59021, 36.142652],
              [140.573776, 36.231561],
              [140.59176, 36.307758],
              [140.619303, 36.385557],
              [140.618787, 36.445347],
              [140.627262, 36.503018],
              [140.729891, 36.732151],
              [140.791799, 36.846976],
              [140.839393, 36.890358],
              [140.894997, 36.925834],
              [140.968533, 37.002031],
              [141.001864, 37.114737],
              [141.036281, 37.467171],
              [141.003466, 37.698423],
              [140.960109, 37.822756],
              [140.92776, 37.949777],
              [140.928845, 38.052949],
              [140.962177, 38.148731],
              [141.077518, 38.312778],
              [141.108266, 38.338177],
              [141.254303, 38.381559],
              [141.368095, 38.379983],
              [141.467572, 38.404323],
              [141.50881, 38.497986],
              [141.518887, 38.631854],
              [141.546379, 38.76257],
              [141.579762, 38.816546],
              [141.622085, 38.865225],
              [141.644822, 38.918142],
              [141.658568, 38.974753],
              [141.693501, 38.995398],
              [141.742697, 38.999635],
              [141.77608, 39.017619],
              [141.806776, 39.040382],
              [141.842226, 39.090121],
              [141.900931, 39.111282],
              [141.909406, 39.218692],
              [141.977102, 39.428782],
              [141.993018, 39.610296],
              [141.979272, 39.668483],
              [141.991984, 39.739952],
              [141.990899, 39.792326],
              [141.97767, 39.844183],
              [141.93483, 39.958492],
              [141.877676, 40.06696],
              [141.797216, 40.291339],
              [141.691899, 40.418851],
              [143.245551, 42.006894],
              [143.245035, 42.00741],
              [143.278883, 42.037589],
              [143.313816, 42.08415],
              [143.327045, 42.150812],
              [143.332316, 42.220136],
              [143.368851, 42.32491],
              [143.429726, 42.419117],
              [143.581035, 42.598485],
              [143.762006, 42.748244],
              [143.969435, 42.881595],
              [144.197018, 42.973682],
              [144.301198, 42.98425],
              [144.516068, 42.943503],
              [144.630893, 42.946681],
              [144.80711, 42.993784],
              [144.921418, 43.0012],
              [145.028802, 43.031896],
              [145.127297, 43.089024],
              [145.229926, 43.13561],
              [145.347387, 43.176874],
              [145.404489, 43.180052],
              [145.505052, 43.174213],
              [145.537401, 43.192764],
              [145.624114, 43.291156],
              [145.725762, 43.343556],
              [145.816764, 43.379549],
              [145.817849, 43.376913],
              [146.167595, 43.360506],
              [147.04656, 43.815052],
              [149.42781, 45.349635],
              [151.80906, 46.566719],
              [153.55531, 47.836719],
              [155.036976, 49.159635],
              [156.25406, 50.217969],
              [157.136176, 51.174164],
              [157.202322, 51.212792],
              [157.489643, 51.40911],
              [157.530933, 51.48001],
              [157.628859, 51.534529],
              [157.82306, 51.605455],
              [158.103508, 51.809706],
              [158.331556, 52.090671],
              [158.463331, 52.304999],
              [158.492941, 52.383315],
              [158.500383, 52.460571],
              [158.480797, 52.626736],
              [158.533714, 52.688645],
              [158.608851, 52.873853],
              [158.560172, 52.92199],
              [158.432118, 52.957466],
              [158.471805, 53.032603],
              [158.56441, 53.05007],
              [158.639547, 53.014594],
              [158.683472, 52.935219],
              [158.74538, 52.90876],
              [158.952293, 53.047434],
              [159.135899, 53.117275],
              [159.585691, 53.237914],
              [159.771364, 53.229464],
              [159.947633, 53.125207],
              [160.024889, 53.129445],
              [160.048143, 53.105105],
              [161.507641, 54.497346],
              [161.507641, 54.517965],
              [161.624585, 54.516388],
              [161.725664, 54.532796],
              [161.966941, 54.68891],
              [162.105589, 54.752395],
              [162.091843, 54.824897],
              [162.14631, 54.835465],
              [163.033698, 55.986402],
              [162.971841, 56.034048],
              [163.047495, 56.044616],
              [163.189295, 56.13722],
              [163.261281, 56.173729],
              [163.296214, 56.201247],
              [163.306239, 56.18856],
              [164.773643, 55.192135],
              [167.04906, 54.133802],
              [170.329893, 52.863802],
              [173.187393, 51.911302],
              [175.78031, 51.435052],
              [178.214476, 51.064635],
              [179.959693, 50.986836],
              [179.999897, 50.986836]
            ]
          ],
          [
            [
              [-134.644381, 56.257981],
              [-134.240254, 56.224303],
              [-134.245211, 56.203366],
              [-134.189659, 56.076913],
              [-134.122454, 56.07743],
              [-134.067418, 56.132982],
              [-134.02401, 56.119236],
              [-133.993857, 56.101253],
              [-133.982659, 56.104559],
              [-133.75398, 55.996237],
              [-133.742503, 55.964698],
              [-133.684289, 55.94302],
              [-133.538768, 55.999114],
              [-133.371027, 56.036166],
              [-133.289016, 56.0187],
              [-133.251964, 55.957308],
              [-133.241371, 55.920799],
              [-133.308576, 55.886408],
              [-133.322348, 55.844602],
              [-133.411774, 55.798558],
              [-133.447224, 55.796982],
              [-133.537192, 55.83189],
              [-133.58427, 55.83667],
              [-133.664187, 55.803855],
              [-133.680052, 55.785329],
              [-133.640364, 55.74882],
              [-133.553057, 55.691149],
              [-133.502802, 55.695903],
              [-133.368908, 55.689004],
              [-133.342992, 55.650919],
              [-133.298008, 55.606994],
              [-133.28262, 55.603679],
              [-133.306297, 55.551591],
              [-133.312344, 55.546299],
              [-133.345628, 55.558857],
              [-133.454639, 55.522348],
              [-133.566829, 55.527102],
              [-133.634034, 55.539272],
              [-133.737206, 55.496923],
              [-133.635093, 55.413336],
              [-133.650415, 55.269392],
              [-133.547243, 55.317011],
              [-133.527035, 55.33366],
              [-133.444781, 55.276082],
              [-133.45358, 55.2604],
              [-133.41813, 55.210635],
              [-133.324983, 55.185779],
              [-133.250905, 55.175211],
              [-133.204861, 55.084726],
              [-133.122851, 54.969875],
              [-133.080528, 54.949256],
              [-133.075231, 54.921196],
              [-133.009085, 54.85505],
              [-132.88948, 54.762446],
              [-132.816978, 54.715369],
              [-132.819097, 54.71219],
              [-133.054069, 54.16026],
              [-133.050349, 54.156565],
              [-133.06412, 54.143853],
              [-133.097969, 54.005748],
              [-133.097452, 53.920017],
              [-133.079468, 53.836921],
              [-133.052467, 53.778191],
              [-132.913303, 53.628975],
              [-132.899531, 53.605152],
              [-132.897955, 53.562829],
              [-132.845038, 53.507794],
              [-132.670424, 53.458598],
              [-132.431239, 53.350646],
              [-132.424883, 53.336874],
              [-132.462452, 53.337933],
              [-132.546064, 53.359095],
              [-132.654533, 53.370748],
              [-132.692644, 53.368086],
              [-132.74768, 53.310416],
              [-132.674635, 53.263312],
              [-132.523301, 53.195048],
              [-132.523843, 53.193472],
              [-132.523843, 53.144793],
              [-132.52436, 53.144793],
              [-132.546581, 53.137377],
              [-132.504775, 53.086579],
              [-132.468808, 53.071774],
              [-132.143892, 52.999272],
              [-132.144952, 52.957466],
              [-132.229624, 52.947931],
              [-132.258201, 52.933643],
              [-132.259777, 52.907184],
              [-132.238615, 52.86698],
              [-132.165054, 52.783368],
              [-132.092035, 52.752672],
              [-131.809468, 52.541548],
              [-131.623717, 52.444164],
              [-131.561809, 52.399722],
              [-131.511011, 52.321923],
              [-131.422102, 52.237794],
              [-131.221546, 52.153664],
              [-131.222088, 52.152062],
              [-131.11889, 52.100748],
              [-131.117314, 52.100748],
              [-131.107263, 52.136715],
              [-131.098246, 52.150486],
              [-131.010422, 52.095451],
              [-131.029464, 51.961583],
              [-131.047448, 51.959464],
              [-131.026286, 51.955744],
              [-128.34924, 50.70321],
              [-128.349757, 50.696337],
              [-128.267204, 50.609004],
              [-128.135455, 50.520663],
              [-128.058199, 50.498417],
              [-127.963476, 50.492603],
              [-127.864515, 50.498959],
              [-127.731164, 50.535469],
              [-127.74969, 50.577792],
              [-127.751266, 50.607428],
              [-127.526371, 50.59686],
              [-127.466064, 50.583088],
              [-127.529032, 50.536528],
              [-127.524278, 50.495781],
              [-127.489344, 50.427517],
              [-127.486683, 50.404753],
              [-127.578228, 50.465085],
              [-127.641221, 50.478857],
              [-127.831701, 50.470899],
              [-127.87405, 50.464026],
              [-127.905805, 50.444983],
              [-127.962933, 50.346023],
              [-127.946552, 50.326437],
              [-127.850769, 50.313751],
              [-127.839116, 50.293106],
              [-127.828006, 50.211612],
              [-127.87299, 50.150247],
              [-127.863999, 50.127483],
              [-127.816353, 50.117949],
              [-127.770335, 50.121127],
              [-127.67507, 50.163476],
              [-127.467124, 50.163476],
              [-127.429555, 50.130635],
              [-127.3978, 50.08516],
              [-127.349637, 50.051803],
              [-127.289848, 50.070872],
              [-127.271322, 50.095728],
              [-127.268143, 50.129602],
              [-127.249617, 50.138077],
              [-127.215769, 50.12167],
              [-127.192489, 50.099966],
              [-127.179777, 50.072965],
              [-127.17926, 50.050227],
              [-127.207294, 49.992556],
              [-127.195641, 49.949148],
              [-127.165488, 49.91052],
              [-127.114174, 49.879824],
              [-127.048544, 49.871375],
              [-126.977102, 49.883002],
              [-126.948008, 49.902587],
              [-126.926304, 49.934859],
              [-126.90354, 49.944394],
              [-126.84959, 49.92269],
              [-126.74479, 49.904706],
              [-126.682882, 49.876646],
              [-126.592939, 49.76394],
              [-126.558006, 49.733244],
              [-126.525191, 49.719498],
              [-126.462766, 49.720015],
              [-126.402951, 49.677692],
              [-126.347399, 49.660768],
              [-126.134156, 49.672395],
              [-126.157953, 49.650174],
              [-126.442638, 49.619478],
              [-126.542141, 49.590358],
              [-126.557489, 49.578731],
              [-126.56382, 49.543281],
              [-126.548472, 49.418922],
              [-126.519378, 49.396701],
              [-126.499792, 49.399879],
              [-126.444757, 49.451194],
              [-126.418841, 49.449101],
              [-126.304533, 49.381896],
              [-126.279677, 49.391921],
              [-126.2696, 49.431608],
              [-126.243684, 49.442719],
              [-126.169063, 49.415227],
              [-126.099739, 49.421041],
              [-126.074883, 49.408871],
              [-126.048425, 49.379234],
              [-126.020364, 49.368124],
              [-125.935176, 49.401455],
              [-125.937811, 49.379777],
              [-125.983855, 49.28769],
              [-125.951583, 49.248002],
              [-125.918252, 49.249604],
              [-125.835699, 49.276579],
              [-125.796528, 49.260172],
              [-125.728263, 49.19984],
              [-125.693873, 49.190331],
              [-125.654728, 49.192967],
              [-125.644134, 49.185577],
              [-125.702348, 49.138991],
              [-125.811876, 49.107235],
              [-125.828283, 49.091913],
              [-125.660541, 49.02892],
              [-125.543055, 48.952723],
              [-125.489622, 48.93368],
              [-125.460528, 48.941096],
              [-125.362627, 48.99825],
              [-125.168427, 48.990834],
              [-124.927124, 49.014114],
              [-124.90436, 49.031039],
              [-124.868367, 49.078684],
              [-124.838757, 49.138991],
              [-124.820748, 49.207255],
              [-124.812815, 49.212552],
              [-124.800103, 49.141652],
              [-124.817053, 49.083438],
              [-124.849867, 49.028403],
              [-124.934513, 48.956444],
              [-125.135612, 48.82255],
              [-125.140366, 48.802448],
              [-125.120781, 48.760642],
              [-125.017066, 48.71142],
              [-124.868367, 48.653749],
              [-124.765195, 48.620934],
              [-124.768374, 48.611943],
              [-124.715974, 48.393403],
              [-124.71016, 48.380174],
              [-124.680007, 48.285994],
              [-124.701685, 48.151583],
              [-124.663057, 47.974281],
              [-124.621251, 47.903924],
              [-124.459865, 47.784319],
              [-124.376253, 47.658383],
              [-124.309048, 47.404394],
              [-124.198977, 47.208592],
              [-124.1704, 47.086894],
              [-124.163527, 47.015451],
              [-124.139187, 46.954602],
              [-124.116966, 47.000103],
              [-124.111669, 47.03501],
              [-124.042346, 47.029739],
              [-123.986251, 46.984755],
              [-123.842849, 46.963077],
              [-124.112729, 46.862515],
              [-124.071465, 46.745054],
              [-123.957674, 46.708545],
              [-123.888892, 46.65984],
              [-123.912173, 46.533387],
              [-123.946047, 46.432308],
              [-124.01643, 46.521192],
              [-124.044464, 46.60483],
              [-124.050278, 46.490522],
              [-124.045007, 46.373035],
              [-124.0722, 46.280388],
              [-124.072807, 46.279749],
              [-124.072463, 46.279495],
              [-124.072499, 46.279372],
              [-124.072337, 46.279402],
              [-123.989249, 46.218076],
              [-123.988819, 46.21782],
              [-123.97514, 46.178319],
              [-123.947106, 46.14075],
              [-123.961394, 45.842809],
              [-123.929097, 45.577167],
              [-123.962971, 45.476088],
              [-123.948682, 45.400976],
              [-124.05927, 44.777603],
              [-124.044464, 44.648489],
              [-124.065626, 44.519893],
              [-124.047642, 44.425712],
              [-124.098957, 44.333625],
              [-124.130712, 44.055812],
              [-124.148721, 43.691752],
              [-124.184172, 43.651548],
              [-124.239207, 43.539875],
              [-124.287886, 43.409702],
              [-124.233367, 43.43616],
              [-124.196858, 43.423448],
              [-124.275716, 43.367379],
              [-124.320701, 43.368438],
              [-124.346616, 43.341437],
              [-124.454568, 43.01231],
              [-124.498493, 42.93663],
              [-124.539757, 42.812813],
              [-124.443975, 42.670471],
              [-124.406406, 42.58368],
              [-124.420695, 42.381005],
              [-124.410127, 42.304291],
              [-124.355091, 42.122778],
              [-124.211689, 41.984673],
              [-124.208511, 41.888348],
              [-124.244478, 41.787811],
              [-124.16301, 41.719004],
              [-124.117483, 41.621646],
              [-124.071982, 41.459744],
              [-124.068287, 41.384063],
              [-124.140247, 41.155989],
              [-124.132831, 40.969722],
              [-124.200036, 40.822082],
              [-124.219079, 40.79087],
              [-124.222257, 40.774979],
              [-124.189985, 40.771827],
              [-124.208511, 40.745885],
              [-124.220138, 40.696664],
              [-124.250834, 40.704079],
              [-124.242385, 40.727902],
              [-124.254012, 40.740046],
              [-124.283649, 40.710435],
              [-124.324396, 40.598246],
              [-124.371499, 40.491353],
              [-124.356667, 40.371231],
              [-124.323853, 40.252169],
              [-124.108491, 40.094478],
              [-123.884655, 39.860591],
              [-123.832798, 39.775402],
              [-123.783576, 39.618771],
              [-123.777762, 39.515056],
              [-123.820111, 39.368476],
              [-123.719549, 39.110765],
              [-123.701049, 38.907031],
              [-123.424812, 38.675779],
              [-123.289885, 38.536098],
              [-123.121058, 38.449307],
              [-123.045921, 38.304846],
              [-122.986674, 38.277328],
              [-122.908332, 38.196351],
              [-122.876603, 38.123332],
              [-122.977656, 38.227589],
              [-122.968148, 38.096874],
              [-123.001479, 38.019101],
              [-122.998843, 37.988379],
              [-122.932155, 38.05561],
              [-122.872882, 38.025974],
              [-122.760176, 37.945539],
              [-122.680801, 37.902131],
              [-122.583959, 37.874097],
              [-122.522274, 37.827042],
              [-122.522643, 37.826361],
              [-122.514439, 37.772212],
              [-122.51411, 37.771883],
              [-122.500347, 37.652896],
              [-122.499287, 37.542851],
              [-122.408285, 37.372965],
              [-122.395056, 37.207342],
              [-122.164667, 36.991221],
              [-122.165236, 36.99039],
              [-121.919336, 36.572749],
              [-121.918669, 36.572481],
              [-121.918806, 36.572342],
              [-121.910331, 36.433177],
              [-121.877516, 36.331039],
              [-121.664274, 36.154305],
              [-121.464777, 35.927291],
              [-121.433564, 35.863806],
              [-121.343596, 35.792338],
              [-121.283806, 35.676479],
              [-121.137742, 35.607129],
              [-121.022917, 35.480677],
              [-120.899617, 35.425125],
              [-120.860473, 35.365309],
              [-120.884812, 35.274824],
              [-120.857294, 35.209737],
              [-120.707019, 35.15788],
              [-120.658857, 35.12243],
              [-120.633458, 35.076386],
              [-120.663094, 34.949392],
              [-120.624983, 34.811803],
              [-120.637695, 34.749378],
              [-120.626585, 34.668944],
              [-120.644568, 34.580034],
              [-120.559897, 34.544042],
              [-120.481064, 34.471565],
              [-120.396392, 34.459396],
              [-120.169378, 34.47632],
              [-120.052951, 34.469421],
              [-119.853454, 34.41175],
              [-119.71323, 34.39958],
              [-119.60582, 34.418106],
              [-119.413739, 34.338731],
              [-119.267676, 34.257237],
              [-119.235921, 34.164117],
              [-119.143859, 34.112233],
              [-118.832173, 34.024409],
              [-118.598802, 34.035003],
              [-118.506198, 34.017536],
              [-118.392975, 33.858244],
              [-118.410415, 33.743961],
              [-118.294014, 33.712206],
              [-118.264378, 33.758767],
              [-118.161723, 33.750834],
              [-118.080746, 33.722257],
              [-117.952175, 33.619602],
              [-117.788645, 33.538625],
              [-117.46745, 33.295746],
              [-117.318751, 33.099944],
              [-117.263199, 32.939101],
              [-117.255783, 32.873472],
              [-117.270614, 32.806267],
              [-117.243613, 32.663924],
              [-117.183824, 32.687747],
              [-117.137263, 32.649119],
              [-117.130364, 32.539565],
              [-117.128246, 32.533208],
              [-117.063159, 32.343788],
              [-117.034582, 32.30516],
              [-116.913427, 32.198784],
              [-116.847798, 31.997169],
              [-116.620783, 31.851131],
              [-116.623961, 31.757984],
              [-116.651996, 31.740518],
              [-116.70176, 31.743696],
              [-116.721862, 31.734704],
              [-116.668403, 31.698711],
              [-116.662073, 31.564844],
              [-116.609673, 31.499215],
              [-116.458338, 31.361109],
              [-116.333436, 31.202902],
              [-116.309639, 31.127222],
              [-116.309639, 31.051025],
              [-116.29641, 30.970591],
              [-116.06198, 30.803908],
              [-116.035522, 30.705465],
              [-116.028649, 30.563664],
              [-115.995834, 30.414423],
              [-115.858246, 30.35993],
              [-115.815406, 30.303835],
              [-115.789464, 30.084236],
              [-115.808507, 29.96042],
              [-115.748717, 29.935537],
              [-115.67358, 29.756143],
              [-115.565111, 29.679946],
              [-115.311096, 29.531789],
              [-115.166117, 29.427015],
              [-114.993596, 29.38415],
              [-114.937501, 29.351335],
              [-114.876135, 29.282011],
              [-114.663926, 29.094684],
              [-114.309374, 28.730107],
              [-114.145353, 28.605205],
              [-114.048511, 28.426353],
              [-114.092953, 28.221559],
              [-114.18504, 28.013071],
              [-114.265991, 27.934238],
              [-114.252762, 27.90778],
              [-114.158582, 27.919407],
              [-114.157523, 27.868093],
              [-114.175506, 27.830524],
              [-114.135302, 27.726809],
              [-114.069156, 27.675469],
              [-114.137395, 27.671231],
              [-114.23266, 27.718334],
              [-114.302501, 27.775488],
              [-114.289272, 27.838456],
              [-114.300382, 27.872847],
              [-114.372884, 27.841092],
              [-114.448564, 27.79665],
              [-114.570262, 27.783937],
              [-114.823735, 27.829981],
              [-115.036461, 27.841634],
              [-115.033283, 27.798769],
              [-114.993596, 27.735801],
              [-114.858668, 27.659061],
              [-114.715783, 27.539482],
              [-114.540109, 27.430987],
              [-114.498303, 27.375952],
              [-114.479777, 27.283348],
              [-114.445386, 27.218261],
              [-114.333197, 27.157955],
              [-114.201964, 27.143666],
              [-114.109903, 27.106098],
              [-113.996654, 26.987552],
              [-113.935805, 26.985433],
              [-113.841082, 26.96639],
              [-113.75641, 26.870608],
              [-113.701375, 26.791233],
              [-113.598719, 26.721393],
              [-113.425681, 26.795987],
              [-113.272228, 26.791233],
              [-113.205539, 26.856836],
              [-113.155801, 26.946288],
              [-113.143114, 26.792293],
              [-113.119291, 26.716612],
              [-113.020874, 26.583261],
              [-112.658389, 26.316559],
              [-112.526098, 26.273694],
              [-112.377399, 26.213904],
              [-112.173664, 25.912811],
              [-112.119688, 25.765714],
              [-112.114391, 25.630245],
              [-112.09323, 25.584201],
              [-112.06995, 25.573091],
              [-112.055661, 25.488419],
              [-112.077882, 25.323855],
              [-112.12868, 25.042864],
              [-112.119172, 24.933853],
              [-112.072611, 24.84019],
              [-111.848232, 24.670329],
              [-111.824952, 24.631701],
              [-111.82229, 24.573487],
              [-111.802731, 24.542275],
              [-111.750331, 24.553902],
              [-111.683126, 24.556021],
              [-111.578352, 24.442798],
              [-111.419085, 24.329006],
              [-111.035956, 24.10517],
              [-110.895732, 23.970243],
              [-110.765016, 23.877122],
              [-110.630089, 23.737414],
              [-110.36287, 23.605123],
              [-110.288766, 23.517815],
              [-110.244325, 23.412499],
              [-110.18084, 23.341599],
              [-110.086117, 23.005573],
              [-110.0062, 22.893926],
              [-109.923647, 22.885994],
              [-109.82311, 22.92196],
              [-109.728387, 22.98175],
              [-109.630486, 23.078592],
              [-109.495559, 23.160085],
              [-109.45799, 23.214604],
              [-109.44688, 23.265402],
              [-106.980415, 23.819968],
              [-106.922228, 23.864409],
              [-106.728544, 23.610936],
              [-106.566616, 23.449551],
              [-106.402053, 23.195535],
              [-106.234311, 23.061125],
              [-106.021585, 22.828839],
              [-105.943269, 22.776982],
              [-105.791909, 22.627741],
              [-105.645329, 22.326648],
              [-105.64905, 21.987986],
              [-105.527326, 21.818643],
              [-105.457485, 21.672605],
              [-105.431569, 21.618086],
              [-105.208766, 21.490575],
              [-105.233132, 21.380504],
              [-105.225174, 21.249789],
              [-105.236827, 21.119099],
              [-105.301913, 21.026495],
              [-105.393975, 20.925958],
              [-105.456426, 20.843922],
              [-105.510944, 20.809014],
              [-105.492418, 20.776717],
              [-105.419916, 20.77514],
              [-105.327312, 20.75292],
              [-105.252175, 20.668248],
              [-105.244759, 20.634374],
              [-105.260107, 20.578822],
              [-105.377051, 20.511617],
              [-105.542674, 20.497845],
              [-105.642177, 20.435936],
              [-105.669152, 20.385681],
              [-105.615718, 20.316357],
              [-105.570191, 20.227965],
              [-105.532623, 20.075571],
              [-105.481825, 19.976094],
              [-105.286565, 19.706756],
              [-105.107713, 19.562295],
              [-105.045262, 19.443232],
              [-104.93837, 19.309338],
              [-104.602886, 19.152707],
              [-104.404965, 19.091316],
              [-104.276911, 19.010881],
              [-104.045659, 18.911947],
              [-103.912308, 18.828334],
              [-103.699065, 18.633075],
              [-103.580003, 18.484376],
              [-103.441355, 18.325626],
              [-103.018564, 18.186978],
              [-102.699462, 18.062619],
              [-102.547068, 18.041457],
              [-102.216339, 17.957328],
              [-101.995681, 17.972676],
              [-101.918941, 17.959963],
              [-101.846982, 17.922395],
              [-101.76231, 17.84196],
              [-101.600382, 17.651455],
              [-101.487159, 17.615488],
              [-101.385537, 17.514409],
              [-101.147955, 17.393228],
              [-101.001891, 17.276284],
              [-100.847922, 17.200604],
              [-100.431978, 17.064101],
              [-100.243075, 16.984183],
              [-100.024535, 16.920673],
              [-99.690628, 16.7196],
              [-99.348246, 16.664565],
              [-99.001652, 16.581495],
              [-98.907988, 16.544443],
              [-98.761951, 16.534934],
              [-98.520105, 16.304742],
              [-98.13912, 16.206298],
              [-97.754932, 15.966597],
              [-97.184502, 15.909443],
              [-96.807729, 15.726353],
              [-96.510874, 15.651732],
              [-96.408735, 15.682971],
              [-96.213476, 15.693022],
              [-93.024187, 15.310435],
              [-92.918354, 15.236357],
              [-92.808826, 15.138456],
              [-92.531013, 14.839482],
              [-92.264311, 14.568],
              [-92.235191, 14.545262],
              [-91.819274, 14.228279],
              [-91.640938, 14.115056],
              [-91.377414, 13.990154],
              [-91.146162, 13.92561],
              [-90.606945, 13.928788],
              [-90.47889, 13.900728],
              [-90.095245, 13.736681],
              [-89.970368, 13.683248],
              [-89.804203, 13.559948],
              [-89.523212, 13.50915],
              [-89.277698, 13.477937],
              [-88.867051, 13.283195],
              [-88.511982, 13.183718],
              [-88.483948, 13.196947],
              [-88.581306, 13.245083],
              [-88.655927, 13.259372],
              [-88.685537, 13.281619],
              [-88.591357, 13.281076],
              [-88.417259, 13.213354],
              [-88.180736, 13.164132],
              [-88.023562, 13.168886],
              [-87.930958, 13.180539],
              [-87.878041, 13.224464],
              [-87.820887, 13.285313],
              [-87.838354, 13.38585],
              [-87.814014, 13.399079],
              [-87.769573, 13.376858],
              [-87.708181, 13.359934],
              [-87.602348, 13.38585],
              [-87.489099, 13.353035],
              [-87.485404, 13.310712],
              [-87.498633, 13.27472],
              [-87.458403, 13.215473],
              [-87.412902, 13.127623],
              [-87.332467, 13.084757],
              [-87.337222, 12.979441],
              [-87.338824, 12.94983],
              [-87.389622, 12.92071],
              [-87.424555, 12.921253],
              [-87.49809, 12.984221],
              [-87.543075, 13.039773],
              [-87.584881, 13.043494],
              [-87.67007, 12.965695],
              [-87.667434, 12.903786],
              [-87.460005, 12.757723],
              [-87.188549, 12.508487],
              [-87.125038, 12.433893],
              [-86.850921, 12.247625],
              [-86.755681, 12.156597],
              [-86.655661, 11.98144],
              [-86.468877, 11.73856],
              [-85.961388, 11.331092],
              [-85.82858, 11.1988],
              [-85.744967, 11.088729],
              [-85.744451, 11.062271],
              [-85.743908, 11.043228],
              [-85.752383, 10.985015],
              [-85.88731, 10.92153],
              [-85.907955, 10.897707],
              [-85.832817, 10.850087],
              [-85.714814, 10.790815],
              [-85.667194, 10.744771],
              [-85.671406, 10.679684],
              [-85.663474, 10.635243],
              [-85.703161, 10.563283],
              [-85.830699, 10.398177],
              [-85.849741, 10.291827],
              [-85.796308, 10.133077],
              [-85.68094, 9.958436],
              [-85.624846, 9.902342],
              [-85.314761, 9.810797],
              [-85.153892, 9.620292],
              [-85.114722, 9.581664],
              [-85.077153, 9.601791],
              [-85.059686, 9.668454],
              [-85.001499, 9.69915],
              [-84.886674, 9.820848],
              [-84.908352, 9.884358],
              [-84.96287, 9.93358],
              [-85.160765, 10.017167],
              [-85.236445, 10.107135],
              [-85.263421, 10.256894],
              [-85.235386, 10.242062],
              [-85.198334, 10.195502],
              [-85.025296, 10.11561],
              [-84.714694, 9.899164],
              [-84.643252, 9.789635],
              [-84.670227, 9.702845],
              [-84.659116, 9.64675],
              [-84.581343, 9.568434],
              [-84.4829, 9.526111],
              [-84.222554, 9.462601],
              [-84.11778, 9.379531],
              [-83.89552, 9.276333],
              [-83.73677, 9.150398],
              [-83.637292, 9.035573],
              [-83.616131, 8.959893],
              [-83.613495, 8.804321],
              [-83.642073, 8.729183],
              [-83.734134, 8.614358],
              [-83.604478, 8.480465],
              [-83.543629, 8.446074],
              [-83.452084, 8.438684],
              [-83.376947, 8.414861],
              [-83.291758, 8.40587],
              [-83.289639, 8.463541],
              [-83.297572, 8.506923],
              [-83.421931, 8.619112],
              [-83.469551, 8.706962],
              [-83.391235, 8.717556],
              [-83.285944, 8.664639],
              [-83.162644, 8.588417],
              [-83.12983, 8.505347],
              [-83.123474, 8.352953],
              [-83.041463, 8.287867],
              [-82.947257, 8.181491],
              [-82.879535, 8.070903],
              [-82.854136, 8.09948],
              [-82.866306, 8.24606],
              [-82.781117, 8.303731],
              [-82.679496, 8.321715],
              [-82.530823, 8.287324],
              [-82.364657, 8.274637],
              [-82.235543, 8.311147],
              [-82.224433, 8.23017],
              [-82.159863, 8.19472],
              [-82.096896, 8.22278],
              [-81.973079, 8.215364],
              [-81.860347, 8.165626],
              [-81.727538, 8.137566],
              [-81.694207, 8.07142],
              [-81.675681, 8.015868],
              [-81.504219, 7.721131],
              [-81.369808, 7.675087],
              [-81.268212, 7.625349],
              [-81.219016, 7.621111],
              [-81.195193, 7.668214],
              [-81.179329, 7.807379],
              [-81.157625, 7.854482],
              [-81.094114, 7.87616],
              [-81.063961, 7.899983],
              [-81.034867, 7.71108],
              [-80.914745, 7.437479],
              [-80.900974, 7.277153],
              [-80.845422, 7.219999],
              [-80.666569, 7.225812],
              [-80.439012, 7.275034],
              [-80.372866, 7.324773],
              [-80.34801, 7.385622],
              [-80.287135, 7.425852],
              [-80.110402, 7.433268],
              [-80.067536, 7.45337],
              [-80.011441, 7.49993],
              [-78.133442, 7.49993],
              [-77.929708, 7.256508],
              [-77.901131, 7.229533],
              [-77.803773, 7.137446],
              [-77.680989, 6.96017],
              [-77.646082, 6.869684],
              [-77.602157, 6.837412],
              [-77.52596, 6.692951],
              [-77.438653, 6.690315],
              [-77.368786, 6.575465],
              [-77.359794, 6.504565],
              [-77.398423, 6.274914],
              [-77.440229, 6.271736],
              [-77.473043, 6.285482],
              [-77.469323, 6.177013],
              [-77.344447, 5.9955],
              [-77.249207, 5.780138],
              [-77.324861, 5.675364],
              [-77.534409, 5.537259],
              [-77.401601, 5.416078],
              [-77.37354, 5.323991],
              [-77.359278, 5.214979],
              [-77.366667, 5.076357],
              [-77.339692, 4.838749],
              [-77.306361, 4.784773],
              [-77.286233, 4.721805],
              [-77.313751, 4.593751],
              [-77.328582, 4.475205],
              [-77.353438, 4.398492],
              [-77.414287, 4.347694],
              [-77.446042, 4.301107],
              [-77.515366, 4.256149],
              [-77.520663, 4.212741],
              [-77.409016, 4.247674],
              [-77.404236, 4.200571],
              [-77.433356, 4.13073],
              [-77.427516, 4.060347],
              [-77.358218, 3.944462],
              [-77.277784, 4.058771],
              [-77.248664, 4.040761],
              [-77.263495, 3.893122],
              [-77.212155, 3.867206],
              [-77.166654, 3.862452],
              [-77.126966, 3.905834],
              [-77.076685, 3.91325],
              [-77.242851, 3.585156],
              [-77.324344, 3.474569],
              [-77.356616, 3.348607],
              [-77.416949, 3.341734],
              [-77.471984, 3.233782],
              [-77.520121, 3.160247],
              [-77.559291, 3.076092],
              [-77.63231, 3.051235],
              [-77.693702, 3.040125],
              [-77.701117, 3.00731],
              [-77.670938, 2.91946],
              [-77.669879, 2.878713],
              [-77.776772, 2.787169],
              [-77.80801, 2.746422],
              [-77.813824, 2.716269],
              [-77.874673, 2.725777],
              [-77.900614, 2.698802],
              [-77.932344, 2.629478],
              [-77.987379, 2.569146],
              [-78.030245, 2.54323],
              [-78.066754, 2.509356],
              [-78.120213, 2.488195],
              [-78.295887, 2.510416],
              [-78.34299, 2.460677],
              [-78.417068, 2.48344],
              [-78.460451, 2.470211],
              [-78.534555, 2.423625],
              [-78.591683, 2.35642],
              [-78.617082, 2.306681],
              [-78.628735, 2.056386],
              [-78.550419, 1.923578],
              [-78.576878, 1.77382],
              [-78.792782, 1.848957],
              [-78.957888, 1.752116],
              [-79.02561, 1.623545],
              [-78.888564, 1.524042],
              [-78.859445, 1.45526],
              [-78.827173, 1.295994],
              [-78.899675, 1.206025],
              [-79.228802, 1.104429],
              [-79.465351, 1.059987],
              [-79.61299, 0.971052],
              [-79.741044, 0.979527],
              [-79.79608, 0.922373],
              [-79.903489, 0.859948],
              [-80.035781, 0.834523],
              [-80.088181, 0.78481],
              [-80.06118, 0.592212],
              [-80.025213, 0.410156],
              [-80.046375, 0.15565],
              [-80.10141, 0.052969],
              [-89.702607, 0.052969],
              [-90.45561, 1.186956],
              [-91.133476, 2.069616],
              [-92.46802, 2.33208],
              [-92.43151, 0.259881],
              [-179.97844, 0.259881],
              [-180, 0.259881],
              [-180, 51.082102],
              [-179.995907, 51.082102],
              [-178.884657, 51.100085],
              [-176.842611, 51.206978],
              [-173.804657, 51.505435],
              [-170.629657, 52.030881],
              [-168.07219, 52.705052],
              [-165.051186, 53.615746],
              [-162.960978, 54.300484],
              [-162.517, 54.048071],
              [-136.594706, 58.238539],
              [-136.508458, 58.096713],
              [-136.512153, 58.096196],
              [-136.524865, 58.050695],
              [-136.56879, 57.972379],
              [-136.459779, 57.872902],
              [-136.378285, 57.840087],
              [-136.07665, 57.674464],
              [-135.996758, 57.534757],
              [-135.915264, 57.451145],
              [-135.916324, 57.450085],
              [-135.79832, 57.306166],
              [-135.82266, 57.280225],
              [-135.821058, 57.230486],
              [-135.767625, 57.100313],
              [-135.781913, 57.057448],
              [-135.812066, 57.009285],
              [-135.661791, 57.033625],
              [-135.608875, 57.071194],
              [-135.501982, 57.243716],
              [-135.454879, 57.249529],
              [-135.375504, 57.18868],
              [-135.341113, 57.081787],
              [-135.267552, 57.048973],
              [-135.211457, 57.044735],
              [-135.19983, 57.027295],
              [-135.315198, 56.932029],
              [-135.338478, 56.893944],
              [-135.340596, 56.850535],
              [-135.33052, 56.821958],
              [-135.285018, 56.800254],
              [-135.16332, 56.824077],
              [-135.146371, 56.802399],
              [-135.159083, 56.725143],
              [-135.097175, 56.702896],
              [-135.0178, 56.660056],
              [-134.927831, 56.666929],
              [-134.883389, 56.679073],
              [-134.874914, 56.670624],
              [-134.933128, 56.616131],
              [-134.966459, 56.596003],
              [-134.98235, 56.563731],
              [-134.980748, 56.518747],
              [-134.950052, 56.456838],
              [-134.847939, 56.323487],
              [-134.80665, 56.281164],
              [-134.750038, 56.240934],
              [-134.681774, 56.216052],
              [-134.654256, 56.227705],
              [-134.644381, 56.257981]
            ],
            [
              [-81.769861, 7.370274],
              [-81.658214, 7.327434],
              [-81.603179, 7.332705],
              [-81.61323, 7.380351],
              [-81.694724, 7.424793],
              [-81.710614, 7.485642],
              [-81.671443, 7.52321],
              [-81.728598, 7.621111],
              [-81.752395, 7.621628],
              [-81.81221, 7.592534],
              [-81.856652, 7.507862],
              [-81.858771, 7.480345],
              [-81.851898, 7.45337],
              [-81.769861, 7.370274]
            ],
            [
              [-112.163096, 24.650227],
              [-112.077365, 24.534343],
              [-112.057263, 24.545453],
              [-112.067314, 24.583539],
              [-112.126044, 24.653922],
              [-112.130282, 24.729602],
              [-112.163613, 24.799443],
              [-112.194826, 24.841249],
              [-112.198547, 24.885691],
              [-112.131858, 25.224378],
              [-112.159376, 25.285744],
              [-112.222344, 24.95132],
              [-112.296964, 24.789392],
              [-112.210716, 24.762933],
              [-112.175266, 24.729602],
              [-112.163096, 24.650227]
            ],
            [
              [-115.352902, 28.104099],
              [-115.184101, 28.03741],
              [-115.170329, 28.069166],
              [-115.148651, 28.172363],
              [-115.196787, 28.327935],
              [-115.233323, 28.36814],
              [-115.274069, 28.342741],
              [-115.260298, 28.2205],
              [-115.352902, 28.104099]
            ],
            [
              [-126.743214, 49.613664],
              [-126.680247, 49.601469],
              [-126.641076, 49.605732],
              [-126.625728, 49.626894],
              [-126.628389, 49.675056],
              [-126.650093, 49.745956],
              [-126.69823, 49.808381],
              [-126.737917, 49.843857],
              [-126.826284, 49.872434],
              [-126.925787, 49.837501],
              [-126.896667, 49.782982],
              [-126.9046, 49.76288],
              [-126.940076, 49.75071],
              [-126.951186, 49.735879],
              [-126.938474, 49.718438],
              [-126.814114, 49.642242],
              [-126.743214, 49.613664]
            ],
            [
              [-155.680699, 18.967499],
              [-155.625663, 18.963804],
              [-155.581221, 19.011941],
              [-155.535178, 19.109325],
              [-155.309739, 19.260143],
              [-155.053631, 19.31939],
              [-154.850439, 19.454343],
              [-154.804396, 19.524183],
              [-154.841448, 19.568108],
              [-154.952552, 19.644848],
              [-154.989061, 19.732155],
              [-155.065801, 19.74802],
              [-155.085903, 19.875557],
              [-155.198635, 19.99462],
              [-155.621968, 20.163421],
              [-155.831516, 20.27561],
              [-155.874382, 20.25972],
              [-155.892882, 20.167658],
              [-155.820406, 20.014205],
              [-155.908773, 19.8946],
              [-155.988664, 19.831632],
              [-156.048454, 19.750138],
              [-155.965927, 19.590872],
              [-155.890763, 19.382357],
              [-155.905594, 19.125732],
              [-155.881255, 19.070697],
              [-155.680699, 18.967499]
            ],
            [
              [-156.697742, 20.949238],
              [-156.68981, 20.901619],
              [-156.615215, 20.821701],
              [-156.543773, 20.789946],
              [-156.480262, 20.801056],
              [-156.44905, 20.706333],
              [-156.438456, 20.617967],
              [-156.40882, 20.60528],
              [-156.309885, 20.598924],
              [-156.234722, 20.62856],
              [-156.10721, 20.644968],
              [-156.013547, 20.714808],
              [-155.989724, 20.757131],
              [-156.018843, 20.792065],
              [-156.103489, 20.840227],
              [-156.148474, 20.885728],
              [-156.277587, 20.951357],
              [-156.354327, 20.941306],
              [-156.460677, 20.914848],
              [-156.486618, 20.932831],
              [-156.53212, 20.992621],
              [-156.585579, 21.034427],
              [-156.656996, 21.024376],
              [-156.697742, 20.949238]
            ],
            [
              [-157.021082, 21.097937],
              [-156.859671, 21.056131],
              [-156.748024, 21.103751],
              [-156.712031, 21.155066],
              [-156.74221, 21.163541],
              [-156.917367, 21.177312],
              [-156.952275, 21.199533],
              [-157.002556, 21.18788],
              [-157.21368, 21.215398],
              [-157.249673, 21.229686],
              [-157.25391, 21.180465],
              [-157.279309, 21.15243],
              [-157.290419, 21.112743],
              [-157.021082, 21.097937]
            ],
            [
              [-157.393075, 1.927815],
              [-157.43594, 1.847381],
              [-157.508442, 1.885467],
              [-157.531723, 1.926756],
              [-157.578826, 1.901874],
              [-157.420076, 1.787566],
              [-157.245978, 1.731497],
              [-157.175594, 1.739946],
              [-157.342277, 1.855313],
              [-157.321632, 1.968562],
              [-157.441754, 2.025174],
              [-157.492035, 2.029411],
              [-157.36504, 1.946316],
              [-157.393075, 1.927815]
            ],
            [
              [-157.851341, 21.553543],
              [-157.962471, 21.701182],
              [-158.020142, 21.691648],
              [-158.12334, 21.600103],
              [-158.273073, 21.585298],
              [-158.238682, 21.532898],
              [-158.239225, 21.489515],
              [-158.137603, 21.377326],
              [-158.110111, 21.318596],
              [-158.079415, 21.312239],
              [-157.980972, 21.315934],
              [-158.017507, 21.367792],
              [-157.978336, 21.378385],
              [-157.968285, 21.366732],
              [-157.958234, 21.327045],
              [-157.901597, 21.340817],
              [-157.849223, 21.291078],
              [-157.798941, 21.268857],
              [-157.690989, 21.279968],
              [-157.635437, 21.307485],
              [-157.653963, 21.333944],
              [-157.705278, 21.377869],
              [-157.720626, 21.45776],
              [-157.765093, 21.450887],
              [-157.799484, 21.456701],
              [-157.829637, 21.471506],
              [-157.854519, 21.511736],
              [-157.851341, 21.553543]
            ],
            [
              [-159.789156, 22.041962],
              [-159.747866, 21.989562],
              [-159.646271, 21.951477],
              [-159.608702, 21.909671],
              [-159.51186, 21.900136],
              [-159.46052, 21.876339],
              [-159.372695, 21.932434],
              [-159.343576, 21.973698],
              [-159.330347, 22.050954],
              [-159.300736, 22.105473],
              [-159.304948, 22.154152],
              [-159.352051, 22.219755],
              [-159.579065, 22.222933],
              [-159.726705, 22.14038],
              [-159.789156, 22.041962]
            ]
          ]
        ]
      }
    },
    {
      "type": "Feature",
      "properties": { "globee_ocean": "Pacific Ocean", "source_name": "Pacific Ocean" },
      "geometry": {
        "type": "MultiPolygon",
        "coordinates": [
          [
            [
              [179.999897, -60.533462],
              [166.066381, -60.533462],
              [166.066381, -50.854983],
              [166.070618, -50.82005],
              [166.073254, -50.822686],
              [166.18813, -50.845992],
              [166.243114, -50.845992],
              [166.220893, -50.761294],
              [166.200739, -50.750752],
              [166.179655, -50.714734],
              [166.220376, -50.694115],
              [166.207664, -50.652308],
              [166.209266, -50.612104],
              [166.259547, -50.577171],
              [166.267505, -50.558671],
              [166.254276, -50.54384],
              [166.225131, -50.531127],
              [166.103433, -50.539085],
              [166.383881, -48.156233],
              [167.526912, -47.241819],
              [167.522157, -47.258769],
              [167.55492, -47.263523],
              [167.676102, -47.242904],
              [167.785139, -47.17619],
              [167.810512, -47.170402],
              [167.905803, -47.179911],
              [168.014789, -47.117485],
              [168.184133, -47.101621],
              [168.240718, -47.06984],
              [168.260872, -47.027],
              [168.241287, -46.978838],
              [168.156072, -46.988346],
              [168.125376, -46.9561],
              [168.043366, -46.932794],
              [168.041247, -46.887835],
              [168.145427, -46.902098],
              [168.144962, -46.862411],
              [167.955516, -46.694669],
              [167.855522, -46.697873],
              [167.971381, -46.489358],
              [167.960839, -46.362338],
              [168.077214, -46.352829],
              [168.188887, -46.362338],
              [168.230176, -46.385644],
              [168.266143, -46.418975],
              [168.319576, -46.447035],
              [168.342883, -46.488842],
              [168.325364, -46.545996],
              [168.357094, -46.588319],
              [168.382053, -46.605269],
              [168.466699, -46.587802],
              [168.572533, -46.611056],
              [168.631289, -46.587802],
              [168.766733, -46.566098],
              [168.837633, -46.578242],
              [168.965635, -46.613175],
              [169.098547, -46.630642],
              [169.34246, -46.620565],
              [169.686418, -46.551784],
              [169.72931, -46.521656],
              [169.760522, -46.47985],
              [169.918135, -46.334329],
              [170.185974, -46.160748],
              [170.266899, -46.082407],
              [170.335732, -45.991921],
              [170.419345, -45.941123],
              [170.674368, -45.895648],
              [170.722014, -45.878181],
              [170.776532, -45.87074],
              [170.79126, -45.843765],
              [170.788676, -45.79245],
              [170.739997, -45.755915],
              [170.699793, -45.714109],
              [170.700826, -45.684498],
              [170.815135, -45.519392],
              [170.889755, -45.373871],
              [170.939468, -45.216206],
              [170.990835, -45.151611],
              [171.113049, -45.039421],
              [171.134185, -44.977513],
              [171.023081, -44.937308],
              [170.998741, -44.911367],
              [171.146381, -44.912452],
              [171.197747, -44.767965],
              [171.213095, -44.612419],
              [171.231078, -44.521365],
              [171.313089, -44.301792],
              [171.285545, -44.278486],
              [171.240587, -44.264223],
              [171.364352, -44.255231],
              [171.417269, -44.208671],
              [171.442745, -44.1356],
              [171.517883, -44.118185],
              [171.659114, -44.1171],
              [171.712031, -44.097515],
              [171.808407, -44.042479],
              [171.890418, -44.007029],
              [171.977699, -43.984292],
              [172.080897, -43.945638],
              [172.179858, -43.895925],
              [172.137018, -43.834017],
              [172.052269, -43.73981],
              [172.035422, -43.701725],
              [172.14601, -43.763633],
              [172.22063, -43.825025],
              [172.296801, -43.867865],
              [172.350235, -43.85939],
              [172.385168, -43.829779],
              [172.395762, -43.777896],
              [172.42961, -43.746683],
              [172.480408, -43.726581],
              [172.527537, -43.739294],
              [172.583606, -43.773659],
              [172.47617, -43.833448],
              [172.502629, -43.843525],
              [172.554512, -43.831329],
              [172.749177, -43.812829],
              [172.817493, -43.869983],
              [172.920691, -43.891688],
              [173.023372, -43.885331],
              [173.065643, -43.874738],
              [173.093755, -43.844042],
              [173.11701, -43.797998],
              [173.097941, -43.703275],
              [173.073085, -43.6763],
              [172.947149, -43.658317],
              [172.806899, -43.620748],
              [172.766644, -43.561992],
              [172.749177, -43.51755],
              [172.740185, -43.467837],
              [172.693676, -43.444531],
              [172.526451, -43.464633],
              [172.56247, -43.436056],
              [172.632285, -43.42815],
              [172.699516, -43.399573],
              [172.734966, -43.354563],
              [172.687269, -43.314358],
              [172.627014, -43.299527],
              [172.62381, -43.272552],
              [172.718533, -43.258806],
              [172.807985, -43.197931],
              [172.888962, -43.124396],
              [173.072568, -43.060369],
              [173.148739, -43.0228],
              [173.221241, -42.976756],
              [173.347745, -42.840744],
              [173.545097, -42.517973],
              [173.589022, -42.474048],
              [173.83986, -42.270856],
              [173.889056, -42.211583],
              [173.888022, -42.13009],
              [173.973753, -42.080325],
              [174.047289, -42.003069],
              [174.215547, -41.850158],
              [174.243608, -41.813106],
              [174.281176, -41.744325],
              [174.286447, -41.746961],
              [175.240033, -41.591414],
              [175.243185, -41.583456],
              [175.309899, -41.610431],
              [175.380282, -41.580252],
              [175.446893, -41.538498],
              [175.687189, -41.411477],
              [175.839531, -41.319907],
              [175.982985, -41.21304],
              [176.060241, -41.129427],
              [176.118429, -41.028865],
              [176.251805, -40.877039],
              [176.313714, -40.769087],
              [176.385131, -40.66744],
              [176.476701, -40.570081],
              [176.611628, -40.442027],
              [176.688885, -40.293354],
              [176.770844, -40.228242],
              [176.842364, -40.157859],
              [176.967782, -39.910742],
              [177.109531, -39.673185],
              [176.966697, -39.605438],
              [176.939205, -39.555156],
              [176.936001, -39.490612],
              [176.953985, -39.367829],
              [177.031241, -39.26675],
              [177.076768, -39.221792],
              [177.128651, -39.186342],
              [177.296393, -39.115958],
              [177.407497, -39.081025],
              [177.522839, -39.073635],
              [177.655699, -39.085779],
              [177.786389, -39.110636],
              [177.828712, -39.144535],
              [177.875272, -39.225461],
              [177.908552, -39.239775],
              [177.965758, -39.142417],
              [177.951495, -39.094771],
              [177.91651, -39.062525],
              [177.910206, -39.021752],
              [177.93191, -38.860367],
              [177.976351, -38.722236],
              [178.084769, -38.693659],
              [178.180628, -38.633869],
              [178.26791, -38.551342],
              [178.315555, -38.443906],
              [178.347285, -38.201027],
              [178.393845, -37.960267],
              [178.44733, -37.854433],
              [178.51606, -37.757592],
              [178.536214, -37.691963],
              [178.475907, -37.659665],
              [178.360514, -37.618427],
              [178.272147, -37.567061],
              [175.772352, -36.735225],
              [175.681349, -36.746852],
              [175.527922, -36.579111],
              [175.497743, -36.522525],
              [175.460691, -36.475396],
              [175.399816, -36.500821],
              [175.385553, -36.556373],
              [175.426274, -36.591823],
              [175.458055, -36.634146],
              [175.487149, -36.689698],
              [175.501464, -36.747938],
              [175.492989, -36.806642],
              [175.492989, -36.865915],
              [175.551693, -37.046369],
              [175.568126, -37.159075],
              [175.542701, -37.201398],
              [175.460691, -37.216746],
              [175.385553, -37.206721],
              [175.346383, -37.155923],
              [175.326281, -37.041098],
              [175.299305, -36.993452],
              [175.245304, -36.971231],
              [175.046866, -36.911959],
              [174.952143, -36.852686],
              [174.917262, -36.864881],
              [174.891268, -36.909323],
              [174.850031, -36.872788],
              [174.801868, -36.853254],
              [174.795512, -36.852169],
              [174.722493, -36.841058],
              [174.718824, -36.7961],
              [174.748951, -36.773879],
              [174.777012, -36.650011],
              [174.819335, -36.611925],
              [174.751587, -36.490744],
              [174.777012, -36.4447],
              [174.772258, -36.39075],
              [174.802385, -36.309256],
              [174.605033, -36.08064],
              [174.548964, -36.006587],
              [174.47858, -35.884321],
              [174.396001, -35.797556],
              [174.391247, -35.773733],
              [174.533616, -35.793836],
              [174.580693, -35.785361],
              [174.508656, -35.667383],
              [174.531497, -35.627127],
              [174.543641, -35.582169],
              [174.464783, -35.454115],
              [174.419307, -35.410706],
              [174.384891, -35.36735],
              [174.393366, -35.368383],
              [174.373264, -35.324459],
              [174.320347, -35.246685],
              [174.282727, -35.253558],
              [174.203352, -35.308594],
              [174.143045, -35.300119],
              [174.118706, -35.263067],
              [174.109714, -35.216506],
              [174.118706, -35.172581],
              [174.103926, -35.142971],
              [173.923989, -35.05724],
              [173.844097, -35.026544],
              [173.812885, -35.041375],
              [173.786426, -35.06835],
              [173.739297, -35.054604],
              [173.693822, -35.005357],
              [173.472595, -34.947169],
              [173.438747, -34.928669],
              [173.447739, -34.844539],
              [173.381076, -34.896371],
              [173.339787, -34.947686],
              [173.284751, -34.9805],
              [173.269352, -34.935025],
              [173.24031, -34.899006],
              [173.181037, -34.852963],
              [173.171012, -34.806919],
              [173.054585, -34.648169],
              [173.000066, -34.596338],
              [172.963531, -34.534946],
              [173.043991, -34.429113],
              [172.873614, -34.432833],
              [172.729126, -34.45185],
              [172.72861, -34.448698],
              [172.44656, -34.237031],
              [171.987776, -34.060815],
              [159.041176, -31.591198],
              [159.041176, -29.876161],
              [159.041176, -29.015748],
              [167.472393, -22.665748],
              [167.48247, -22.655154],
              [167.473427, -22.653552],
              [167.443816, -22.63929],
              [167.42206, -22.618671],
              [167.443299, -22.541414],
              [167.529547, -22.5795],
              [167.53642, -22.600636],
              [169.836176, -20.267031],
              [169.821345, -20.24109],
              [169.807031, -20.24109],
              [169.737216, -20.201919],
              [169.750394, -20.15324],
              [169.768997, -20.151121],
              [169.456251, -19.611412],
              [169.491185, -19.539944],
              [169.359926, -19.457933],
              [169.336672, -19.329362],
              [169.291093, -19.321921],
              [169.24722, -19.34471],
              [169.237712, -19.386517],
              [169.201176, -19.349981],
              [169.201176, -18.963183],
              [169.247685, -18.983285],
              [169.28851, -18.988556],
              [169.334553, -18.940394],
              [169.295899, -18.866858],
              [169.201176, -18.795958],
              [169.255643, -18.763144],
              [169.177922, -18.725058],
              [169.144022, -18.630852],
              [169.087953, -18.617623],
              [169.055656, -18.62925],
              [169.024443, -18.573698],
              [168.455072, -17.802686],
              [168.52437, -17.797931],
              [168.585245, -17.695819],
              [168.545557, -17.684708],
              [168.445512, -17.54234],
              [168.35451, -17.550815],
              [168.31906, -17.444981],
              [168.31906, -16.788277],
              [168.32278, -16.787761],
              [168.460343, -16.834838],
              [168.476776, -16.7936],
              [168.446597, -16.778769],
              [168.366137, -16.758667],
              [168.306347, -16.69464],
              [168.206302, -16.344842],
              [168.296839, -16.336367],
              [168.297872, -16.298798],
              [168.275651, -16.26495],
              [168.235447, -16.231102],
              [168.198344, -16.119946],
              [168.194158, -16.115192],
              [168.212193, -15.970188],
              [168.21271, -15.970188],
              [168.256066, -15.955357],
              [168.267745, -15.892415],
              [168.183616, -15.508252],
              [168.159793, -15.461692],
              [168.158656, -15.469598],
              [168.144393, -15.342629],
              [168.130699, -15.318806],
              [168.116901, -15.158971],
              [168.071943, -14.869531],
              [167.559158, -14.292202],
              [167.543293, -14.311788],
              [167.430587, -14.294838],
              [167.40356, -14.281609],
              [167.411001, -14.197479],
              [167.43901, -14.168386],
              [167.506241, -14.142444],
              [167.507843, -14.142961],
              [167.507843, -13.882098],
              [167.498851, -13.884734],
              [167.488774, -13.907523],
              [167.474512, -13.917031],
              [167.451206, -13.909642],
              [167.391984, -13.78846],
              [167.406764, -13.748204],
              [167.480868, -13.709602],
              [167.504122, -13.732857],
              [167.154893, -9.895365],
              [162.287593, -10.735675],
              [162.287076, -10.709734],
              [162.156852, -10.506025],
              [162.105589, -10.453625],
              [162.02301, -10.476931],
              [161.914489, -10.436159],
              [161.841005, -10.446235],
              [161.715587, -10.387479],
              [161.69812, -10.371098],
              [161.653678, -10.352029],
              [161.47586, -10.237721],
              [161.389095, -10.207594],
              [161.598643, -9.683698],
              [161.49281, -9.524948],
              [161.407078, -9.368317],
              [161.382739, -9.359842],
              [161.204352, -9.092623],
              [161.204352, -9.092106],
              [161.158928, -8.961933],
              [161.050408, -8.861371],
              [160.952533, -8.714817],
              [160.954135, -8.6989],
              [160.987983, -8.665052],
              [160.997491, -8.612136],
              [160.749341, -8.314221],
              [160.702212, -8.31634],
              [160.693789, -8.326365],
              [160.646143, -8.254948],
              [159.74656, -8.202031],
              [158.789305, -7.654881],
              [158.734218, -7.6046],
              [158.680837, -7.592973],
              [158.264893, -7.355365],
              [157.52406, -7.302448],
              [157.123464, -7.028356],
              [157.102845, -6.957456],
              [157.030343, -6.891827],
              [156.765243, -6.76429],
              [156.604323, -6.64099],
              [156.52872, -6.621404],
              [156.518643, -6.614531],
              [155.839201, -6.4055],
              [155.822768, -6.380644],
              [155.734401, -6.295998],
              [155.638593, -6.220809],
              [155.580974, -6.195952],
              [155.521701, -6.182206],
              [155.465581, -6.142002],
              [155.37246, -5.97426],
              [155.323264, -5.931886],
              [155.227456, -5.865223],
              [155.197845, -5.828171],
              [155.186735, -5.776856],
              [155.093614, -5.620225],
              [154.997289, -5.539817],
              [154.870268, -5.521265],
              [154.857607, -5.514392],
              [154.714205, -5.292648],
              [154.726866, -5.218079],
              [154.689297, -5.142942],
              [154.681908, -5.054006],
              [154.632712, -5.013802],
              [154.605685, -5.03499],
              [154.572302, -5.073592],
              [154.50781, -4.974115],
              [154.19031, -4.497865],
              [153.131976, -4.286198],
              [153.127222, -4.287232],
              [153.124018, -4.25235],
              [153.016635, -4.105744],
              [152.679032, -3.827931],
              [152.380549, -3.5819],
              [152.329235, -3.521025],
              [152.179476, -3.410438],
              [152.065168, -3.279748],
              [152.032922, -3.251171],
              [151.806941, -3.172829],
              [151.689997, -3.072835],
              [151.585766, -3.002969],
              [151.475178, -2.942662],
              [151.314826, -2.875431],
              [151.260308, -2.872279],
              [151.200001, -2.828871],
              [151.174576, -2.789183],
              [151.034378, -2.710325],
              [150.824262, -2.559533],
              [150.450693, -2.5246],
              [150.450176, -2.51349],
              [150.429506, -2.47065],
              [150.227399, -2.38435],
              [150.102497, -2.405021],
              [149.961731, -2.473802],
              [149.969172, -2.479073],
              [149.961731, -2.478556],
              [149.11031, -2.328281],
              [148.16892, -2.114496],
              [147.311143, -1.957865],
              [147.124901, -1.971094],
              [147.067747, -1.959983],
              [146.857114, -1.948356],
              [146.760272, -1.977967],
              [146.655989, -1.973729],
              [146.608344, -2.008146],
              [146.57031, -2.010781],
              [145.163264, -1.777411],
              [144.327656, -1.535048],
              [143.249272, -1.386892],
              [142.575618, -1.845158],
              [141.982424, -2.923077],
              [141.974518, -2.961163],
              [141.937983, -2.953204],
              [141.887701, -2.952688],
              [141.836387, -2.932069],
              [141.686628, -2.845252],
              [141.185522, -2.627798],
              [141.104545, -2.611365],
              [140.747358, -2.607127],
              [140.720383, -2.508219],
              [140.672685, -2.4722],
              [140.622456, -2.445742],
              [140.294414, -2.420369],
              [140.251005, -2.411894],
              [140.203928, -2.375927],
              [140.154681, -2.349985],
              [139.868393, -2.356342],
              [139.789587, -2.348383],
              [139.481595, -2.211854],
              [139.252462, -2.099148],
              [139.148747, -2.038842],
              [139.039762, -1.992281],
              [138.919097, -1.967942],
              [138.811662, -1.91766],
              [138.736008, -1.845675],
              [138.64976, -1.791157],
              [138.111033, -1.616025],
              [138.007887, -1.556752],
              [137.911045, -1.483733],
              [137.806245, -1.483217],
              [137.616283, -1.565744],
              [137.380793, -1.685892],
              [137.176568, -1.802267],
              [137.123651, -1.840921],
              [137.125718, -1.881125],
              [137.175483, -1.973213],
              [137.171245, -2.025612],
              [137.072285, -2.104987],
              [136.843151, -2.197592],
              [136.612468, -2.224567],
              [136.390156, -2.273246],
              [136.352639, -2.325129],
              [136.302358, -2.42564],
              [136.269543, -2.529354],
              [136.243085, -2.583356],
              [136.012918, -2.734148],
              [135.990697, -2.764327],
              [135.926102, -2.904008],
              [135.858922, -2.995011],
              [135.62767, -3.186058],
              [135.561008, -3.268586],
              [135.486387, -3.345325],
              [135.37151, -3.374987],
              [135.251414, -3.368631],
              [135.092147, -3.348529],
              [135.03706, -3.333181],
              [134.917016, -3.250086],
              [134.886837, -3.209881],
              [134.85242, -3.107769],
              [134.855573, -2.978629],
              [134.843429, -2.909331],
              [134.769893, -2.944213],
              [134.702094, -2.933671],
              [134.649177, -2.706088],
              [134.644474, -2.589712],
              [134.627524, -2.536796],
              [134.566701, -2.510337],
              [134.518022, -2.535711],
              [134.483089, -2.582788],
              [134.491047, -2.714046],
              [134.459783, -2.832592],
              [134.361908, -2.620925],
              [134.194683, -2.309213],
              [134.155512, -2.195473],
              [134.142851, -2.082767],
              [134.145435, -1.968975],
              [134.131172, -1.844642],
              [134.105799, -1.720773],
              [134.145435, -1.620779],
              [134.216852, -1.52926],
              [134.237006, -1.474225],
              [134.259795, -1.363069],
              [134.247031, -1.310669],
              [134.188326, -1.203285],
              [134.116393, -1.102206],
              [134.071899, -1.001644],
              [134.086731, -0.897413],
              [134.111587, -0.846615],
              [134.024822, -0.769875],
              [133.974489, -0.744502],
              [133.850156, -0.731273],
              [133.723755, -0.741298],
              [133.472401, -0.72595],
              [133.268641, -0.635982],
              [133.077076, -0.511648],
              [132.856418, -0.417442],
              [132.625114, -0.358737],
              [132.508222, -0.347627],
              [132.393914, -0.355534],
              [132.128297, -0.453977],
              [132.084372, -0.491029],
              [132.046287, -0.537073],
              [131.962674, -0.582548],
              [131.939555, -0.606513],
              [131.329782, -0.301627],
              [131.327966, -0.301263],
              [131.339818, -0.290473],
              [131.302818, -0.241225],
              [131.317081, -0.204225],
              [131.276876, -0.149706],
              [131.066243, -0.057619],
              [172.552393, -0.057619],
              [172.023226, 1.428802],
              [171.81156, 2.698802],
              [172.234893, 3.651302],
              [172.975726, 3.651302],
              [173.610726, 2.910469],
              [173.822393, 1.217135],
              [174.457393, -0.052865],
              [179.999897, -0.052865],
              [179.999897, -16.152761],
              [179.847968, -16.214152],
              [179.788747, -16.221542],
              [179.715212, -16.207796],
              [179.635268, -16.223144],
              [179.551656, -16.250119],
              [179.474968, -16.294044],
              [179.359058, -16.379775],
              [179.293429, -16.398844],
              [179.224647, -16.405148],
              [179.091322, -16.437446],
              [178.960581, -16.482973],
              [178.865858, -16.540127],
              [178.805035, -16.631646],
              [178.744677, -16.634282],
              [178.686489, -16.665546],
              [178.634089, -16.648596],
              [178.583239, -16.622138],
              [178.567943, -16.663944],
              [178.542053, -16.700427],
              [178.513993, -16.725852],
              [178.49756, -16.787761],
              [178.603962, -16.800473],
              [178.638326, -16.851271],
              [178.665302, -16.920052],
              [178.706591, -16.976121],
              [178.802864, -16.95235],
              [178.883893, -16.886204],
              [178.950555, -16.904188],
              [179.006573, -16.900467],
              [179.055304, -16.813702],
              [179.202426, -16.712623],
              [179.300302, -16.710504],
              [179.323608, -16.717894],
              [179.345828, -16.769777],
              [179.374922, -16.791998],
              [179.419364, -16.806261],
              [179.465408, -16.806261],
              [179.588656, -16.787244],
              [179.714643, -16.743836],
              [179.821045, -16.736963],
              [179.927912, -16.744352],
              [179.889826, -16.667096],
              [179.905691, -16.583484],
              [179.92631, -16.551754],
              [179.930547, -16.519456],
              [179.885072, -16.518423],
              [179.841147, -16.53744],
              [179.697177, -16.631646],
              [179.568089, -16.747556],
              [179.564368, -16.636969],
              [179.618887, -16.527931],
              [179.748026, -16.446438],
              [179.794018, -16.370267],
              [179.848537, -16.301434],
              [179.99938, -16.168625],
              [179.999897, -16.170744],
              [179.999897, -16.488761],
              [179.984549, -16.522144],
              [179.987185, -16.541161],
              [179.999897, -16.540127],
              [179.999897, -16.785642],
              [179.931116, -16.876127],
              [179.896699, -16.963977],
              [179.925793, -17.000461],
              [179.999897, -16.962892],
              [179.999897, -60.533462]
            ],
            [
              [178.247239, -17.329123],
              [178.187501, -17.313206],
              [178.127712, -17.339148],
              [177.940385, -17.395269],
              [177.818118, -17.388344],
              [177.61813, -17.460846],
              [177.504339, -17.539704],
              [177.400573, -17.631792],
              [177.405378, -17.682073],
              [177.42331, -17.737108],
              [177.410649, -17.75349],
              [177.385793, -17.762481],
              [177.366156, -17.786304],
              [177.36042, -17.820152],
              [177.316495, -17.846094],
              [177.264095, -17.86356],
              [177.255052, -17.914875],
              [177.263578, -17.968877],
              [177.321198, -18.077346],
              [177.383158, -18.120754],
              [177.457262, -18.148246],
              [177.63663, -18.18106],
              [177.770989, -18.219663],
              [177.847212, -18.254596],
              [177.955732, -18.264156],
              [178.064201, -18.250359],
              [178.159906, -18.250359],
              [178.243519, -18.183696],
              [178.33142, -18.135017],
              [178.423508, -18.123906],
              [178.461076, -18.139254],
              [178.486449, -18.112279],
              [178.597605, -18.109075],
              [178.66742, -18.081067],
              [178.617656, -17.932859],
              [178.603962, -17.839221],
              [178.574816, -17.749252],
              [178.596003, -17.698971],
              [178.591766, -17.651377],
              [178.522985, -17.595773],
              [178.410795, -17.523323],
              [178.33881, -17.438625],
              [178.309199, -17.435473],
              [178.280105, -17.416404],
              [178.280105, -17.371963],
              [178.247239, -17.329123]
            ],
            [
              [178.20812, -18.969539],
              [178.156805, -19.027727],
              [178.103889, -19.066329],
              [178.052006, -19.060025],
              [178.000691, -19.101263],
              [177.958885, -19.121365],
              [178.020793, -19.151544],
              [178.162076, -19.121365],
              [178.181662, -19.111856],
              [178.189052, -19.092271],
              [178.211324, -19.066329],
              [178.288012, -19.003904],
              [178.315555, -19.010261],
              [178.358964, -19.045711],
              [178.487535, -19.017133],
              [178.488051, -18.974294],
              [178.420304, -18.950988],
              [178.334056, -18.934606],
              [178.282224, -18.956827],
              [178.20812, -18.969539]
            ],
            [
              [149.58072, -1.353044],
              [149.547906, -1.407511],
              [149.545839, -1.471538],
              [149.671206, -1.576338],
              [149.690739, -1.571067],
              [149.763293, -1.58905],
              [149.765412, -1.553032],
              [149.725156, -1.430817],
              [149.63312, -1.362035],
              [149.58072, -1.353044]
            ],
            [
              [136.192287, -1.858904],
              [136.228254, -1.893838],
              [136.32618, -1.87265],
              [136.461108, -1.890685],
              [136.621976, -1.873219],
              [136.708741, -1.837769],
              [136.892399, -1.799631],
              [136.816693, -1.753588],
              [136.718818, -1.734002],
              [136.389691, -1.721858],
              [136.201227, -1.655196],
              [135.975866, -1.63561],
              [135.868947, -1.641967],
              [135.474191, -1.591685],
              [135.469385, -1.616025],
              [135.48742, -1.668425],
              [135.865795, -1.752037],
              [136.049401, -1.823971],
              [136.192287, -1.858904]
            ],
            [
              [135.893339, -0.72595],
              [135.841456, -0.711688],
              [135.748851, -0.732306],
              [135.673197, -0.688381],
              [135.595941, -0.6905],
              [135.383189, -0.651329],
              [135.387943, -0.704815],
              [135.431868, -0.768842],
              [135.483234, -0.801088],
              [135.491141, -0.785223],
              [135.523956, -0.787342],
              [135.645602, -0.882065],
              [135.747198, -0.822792],
              [135.825591, -1.028102],
              [135.838768, -1.119673],
              [135.914991, -1.178377],
              [136.002324, -1.169954],
              [136.110276, -1.217031],
              [136.164795, -1.214913],
              [136.30551, -1.173106],
              [136.375376, -1.094248],
              [136.282772, -1.064638],
              [136.154718, -0.97839],
              [136.06847, -0.877827],
              [135.893339, -0.72595]
            ]
          ],
          [
            [
              [-68.077674, -60.533462],
              [-180, -60.533462],
              [-180, -16.962675],
              [-179.974745, -16.924806],
              [-179.867853, -16.850186],
              [-179.822326, -16.76554],
              [-179.860954, -16.688283],
              [-179.893768, -16.700427],
              [-180, -16.785526],
              [-180, -16.540052],
              [-179.929219, -16.503075],
              [-179.9271, -16.479252],
              [-179.901184, -16.431607],
              [-179.943507, -16.441683],
              [-180, -16.488641],
              [-180, -16.168046],
              [-179.956219, -16.14904],
              [-179.944566, -16.126302],
              [-179.969449, -16.126302],
              [-180, -16.152636],
              [-180, 0.259881],
              [-179.97844, 0.259881],
              [-92.43151, 0.259881],
              [-92.46802, 2.33208],
              [-91.133476, 2.069616],
              [-90.45561, 1.186956],
              [-89.702607, 0.052969],
              [-80.10141, 0.052969],
              [-80.133165, -0.006304],
              [-80.23688, -0.113171],
              [-80.321552, -0.165571],
              [-80.482395, -0.368246],
              [-80.468132, -0.435994],
              [-80.384519, -0.58415],
              [-80.282381, -0.620685],
              [-80.358578, -0.624871],
              [-80.455419, -0.585184],
              [-80.505158, -0.683627],
              [-80.553837, -0.848217],
              [-80.623704, -0.898498],
              [-80.841184, -0.974669],
              [-80.902576, -1.0789],
              [-80.820023, -1.285813],
              [-80.801497, -1.383171],
              [-80.834828, -1.632407],
              [-80.763385, -1.822938],
              [-80.76075, -1.934559],
              [-80.770284, -2.07641],
              [-80.867642, -2.140954],
              [-80.962882, -2.189117],
              [-80.951772, -2.235677],
              [-80.941204, -2.253144],
              [-80.959187, -2.263737],
              [-80.800954, -3.735844],
              [-80.891982, -3.881933],
              [-81.232245, -4.234315],
              [-81.283043, -4.322165],
              [-81.336477, -4.669327],
              [-81.289374, -4.760846],
              [-81.195193, -4.879392],
              [-81.108403, -5.027548],
              [-81.150752, -5.101652],
              [-81.167676, -5.167281],
              [-80.943323, -5.475221],
              [-80.881931, -5.635056],
              [-80.882448, -5.758873],
              [-80.93061, -5.840883],
              [-80.991459, -5.860986],
              [-81.091996, -5.812306],
              [-81.164498, -5.8753],
              [-81.180388, -5.942479],
              [-81.142277, -6.056788],
              [-81.058664, -6.12929],
              [-80.811548, -6.2822],
              [-80.110402, -6.649465],
              [-79.995034, -6.769044],
              [-79.904549, -6.901852],
              [-79.762206, -7.066442],
              [-79.617745, -7.295575],
              [-79.588651, -7.418875],
              [-79.377501, -7.835335],
              [-79.312957, -7.923185],
              [-79.164258, -8.047002],
              [-79.012381, -8.20999],
              [-78.92559, -8.404706],
              [-78.762086, -8.61689],
              [-78.754671, -8.74019],
              [-78.664728, -8.970925],
              [-78.580056, -9.15665],
              [-78.445646, -9.370435],
              [-78.356736, -9.651969],
              [-78.275785, -9.81015],
              [-78.185816, -10.089048],
              [-78.095331, -10.26051],
              [-77.736025, -10.836754],
              [-77.664065, -11.021963],
              [-77.638666, -11.193425],
              [-77.63337, -11.287579],
              [-77.310056, -11.532629],
              [-77.220087, -11.663319],
              [-77.157662, -11.923665],
              [-77.152882, -12.060194],
              [-77.062939, -12.106754],
              [-77.038057, -12.1729],
              [-76.994132, -12.219461],
              [-76.832204, -12.3486],
              [-76.758126, -12.526935],
              [-76.636945, -12.728008],
              [-76.555451, -12.823248],
              [-76.502017, -12.984633],
              [-76.427397, -13.110052],
              [-76.223662, -13.371483],
              [-76.183975, -13.515402],
              [-76.259138, -13.802723],
              [-76.319445, -13.821275],
              [-76.376599, -13.863081],
              [-76.297224, -13.948244],
              [-76.288749, -14.132935],
              [-76.174983, -14.226573],
              [-76.136355, -14.320263],
              [-76.006182, -14.495962],
              [-75.93368, -14.633525],
              [-75.737904, -14.784885],
              [-75.533653, -14.899142],
              [-75.396581, -15.093394],
              [-75.27434, -15.17804],
              [-75.190728, -15.320357],
              [-75.10448, -15.411927],
              [-74.554694, -15.699248],
              [-74.372638, -15.834227],
              [-74.147226, -15.912517],
              [-73.824971, -16.152761],
              [-73.727587, -16.20144],
              [-73.400036, -16.304121],
              [-73.263507, -16.388767],
              [-72.95766, -16.521058],
              [-72.794156, -16.614748],
              [-72.467638, -16.707869],
              [-72.362348, -16.775048],
              [-72.268684, -16.876127],
              [-72.11151, -17.002579],
              [-71.967049, -17.063971],
              [-71.868114, -17.151304],
              [-71.774451, -17.198898],
              [-71.532088, -17.29419],
              [-71.435763, -17.366123],
              [-71.399254, -17.421727],
              [-71.364863, -17.620681],
              [-71.336829, -17.68259],
              [-71.056355, -17.875704],
              [-70.94153, -17.932342],
              [-70.817713, -18.05249],
              [-70.491738, -18.277902],
              [-70.418177, -18.34565],
              [-70.361565, -18.397998],
              [-70.336166, -18.595402],
              [-70.335107, -18.827688],
              [-70.275834, -19.267454],
              [-70.210231, -19.487027],
              [-70.198578, -19.612963],
              [-70.157314, -19.705567],
              [-70.148323, -19.805044],
              [-70.147263, -20.229979],
              [-70.193824, -20.531615],
              [-70.197002, -20.725298],
              [-70.088507, -21.253379],
              [-70.080058, -21.357094],
              [-70.087448, -21.493106],
              [-70.129797, -21.640746],
              [-70.155195, -21.866727],
              [-70.185349, -21.974627],
              [-70.228757, -22.193219],
              [-70.259427, -22.556194],
              [-70.331929, -22.848838],
              [-70.389083, -22.969502],
              [-70.449415, -23.034046],
              [-70.563181, -23.056784],
              [-70.568995, -23.173211],
              [-70.593334, -23.255221],
              [-70.588037, -23.368496],
              [-70.51184, -23.482752],
              [-70.419779, -23.528279],
              [-70.392261, -23.565848],
              [-70.409728, -23.655817],
              [-70.488043, -23.781752],
              [-70.507603, -23.885467],
              [-70.520315, -23.968563],
              [-70.507603, -24.129431],
              [-70.546257, -24.331538],
              [-70.574291, -24.644284],
              [-70.558427, -24.778694],
              [-70.445178, -25.172933],
              [-70.452051, -25.251792],
              [-70.48962, -25.376642],
              [-70.577986, -25.487281],
              [-70.633022, -25.545469],
              [-70.713456, -25.784111],
              [-70.69971, -25.86085],
              [-70.635683, -25.992625],
              [-70.662141, -26.225427],
              [-70.646793, -26.329142],
              [-70.686998, -26.421746],
              [-70.708159, -26.596929],
              [-70.802882, -26.840894],
              [-70.812933, -26.950396],
              [-70.898148, -27.187487],
              [-70.914012, -27.3081],
              [-70.909258, -27.504987],
              [-70.925665, -27.5886],
              [-70.945767, -27.617694],
              [-71.05266, -27.727248],
              [-71.086534, -27.814529],
              [-71.154256, -28.064282],
              [-71.186528, -28.378112],
              [-71.266962, -28.507769],
              [-71.30665, -28.672306],
              [-71.383906, -28.778657],
              [-71.49346, -28.855396],
              [-71.519376, -28.926296],
              [-71.486044, -29.198321],
              [-71.353236, -29.350198],
              [-71.326778, -29.443319],
              [-71.315641, -29.649663],
              [-71.347939, -29.933315],
              [-71.400313, -30.142863],
              [-71.669677, -30.33019],
              [-71.708822, -30.628104],
              [-71.705643, -30.759362],
              [-71.653786, -30.986377],
              [-71.661719, -31.169467],
              [-71.577073, -31.496475],
              [-71.525732, -31.806017],
              [-71.51302, -32.207698],
              [-71.421475, -32.387067],
              [-71.461162, -32.537859],
              [-71.452171, -32.659608],
              [-71.591878, -32.969667],
              [-71.635803, -33.022584],
              [-71.743212, -33.095086],
              [-71.696652, -33.289286],
              [-71.695592, -33.429019],
              [-71.63632, -33.519504],
              [-71.66438, -33.652829],
              [-71.831062, -33.819537],
              [-71.853826, -33.889352],
              [-71.926844, -34.015856],
              [-72.003041, -34.165046],
              [-71.991388, -34.288346],
              [-72.030559, -34.420638],
              [-72.055958, -34.615923],
              [-72.182436, -34.920194],
              [-72.2237, -35.09641],
              [-72.386687, -35.240329],
              [-72.454952, -35.340892],
              [-72.505207, -35.447242],
              [-72.561844, -35.505429],
              [-72.623753, -35.58589],
              [-72.587243, -35.759419],
              [-72.683542, -35.876931],
              [-72.778265, -35.978527],
              [-72.87459, -36.390233],
              [-72.967711, -36.537873],
              [-73.006339, -36.643706],
              [-73.117986, -36.688148],
              [-73.137572, -36.799769],
              [-73.151343, -36.875992],
              [-73.173022, -37.053242],
              [-73.215887, -37.167033],
              [-73.270923, -37.207238],
              [-73.374637, -37.224188],
              [-73.601652, -37.188737],
              [-73.633407, -37.2554],
              [-73.662501, -37.341131],
              [-73.603228, -37.479211],
              [-73.66462, -37.590367],
              [-73.661984, -37.698319],
              [-73.51698, -37.910502],
              [-73.464606, -38.040158],
              [-73.471996, -38.130127],
              [-73.532328, -38.36665],
              [-73.520158, -38.509535],
              [-73.481013, -38.623844],
              [-73.226481, -39.224427],
              [-73.249761, -39.422348],
              [-73.41063, -39.789044],
              [-73.482073, -39.854156],
              [-73.670976, -39.963142],
              [-73.669374, -40.082204],
              [-73.742418, -40.263175],
              [-73.784225, -40.468486],
              [-73.920211, -40.871717],
              [-73.983721, -40.974398],
              [-73.965712, -41.118317],
              [-73.876286, -41.31939],
              [-73.855125, -41.44641],
              [-73.810683, -41.51731],
              [-73.710663, -41.573379],
              [-73.623873, -41.581338],
              [-73.624932, -41.612033],
              [-73.6879, -41.639008],
              [-73.721774, -41.692442],
              [-73.735003, -41.742206],
              [-73.623873, -41.773419],
              [-73.548218, -41.790886],
              [-73.548735, -41.793004],
              [-73.537625, -41.895117],
              [-73.730765, -41.877133],
              [-74.036638, -41.79564],
              [-74.063096, -41.822615],
              [-74.030282, -41.853879],
              [-74.018629, -41.890879],
              [-74.05674, -42.002552],
              [-74.059376, -42.055986],
              [-74.072088, -42.10575],
              [-74.160455, -42.216338],
              [-74.170506, -42.268737],
              [-74.16415, -42.325323],
              [-74.174201, -42.381444],
              [-74.193786, -42.435962],
              [-74.199083, -42.481438],
              [-74.156217, -42.590475],
              [-74.209677, -42.878829],
              [-74.289568, -43.079386],
              [-74.373181, -43.185787],
              [-74.387469, -43.231831],
              [-74.355198, -43.26356],
              [-74.238771, -43.318596],
              [-74.114411, -43.357767],
              [-73.990052, -43.356681],
              [-73.918635, -43.372029],
              [-73.867294, -43.368309],
              [-73.855125, -43.774227],
              [-73.856701, -43.783735],
              [-73.841353, -43.789006],
              [-73.810683, -43.827144],
              [-73.789496, -43.87634],
              [-73.833421, -43.883213],
              [-73.904346, -43.875254],
              [-73.938195, -43.914425],
              [-73.955661, -43.921815],
              [-73.955144, -43.923934],
              [-73.902745, -44.134567],
              [-73.994832, -44.140406],
              [-74.082656, -44.186398],
              [-74.108055, -44.27585],
              [-74.097487, -44.389073],
              [-74.132937, -44.4161],
              [-74.212312, -44.42721],
              [-74.301221, -44.395429],
              [-74.42186, -44.435685],
              [-74.501778, -44.473771],
              [-74.48059, -44.584358],
              [-74.617662, -44.647869],
              [-74.4986, -44.748379],
              [-74.418682, -44.865323],
              [-74.349901, -44.91085],
              [-74.267864, -45.059006],
              [-74.195388, -45.144738],
              [-74.089012, -45.195536],
              [-74.099063, -45.325192],
              [-74.015993, -45.344777],
              [-73.848768, -45.34054],
              [-73.840319, -45.332065],
              [-73.836082, -45.336302],
              [-73.723892, -45.480221],
              [-73.730765, -45.480221],
              [-73.780504, -45.627861],
              [-73.756707, -45.702998],
              [-73.661984, -45.730542],
              [-73.594236, -45.777102],
              [-73.591601, -45.899317],
              [-73.629169, -45.98665],
              [-73.651933, -46.159146],
              [-73.66834, -46.212063],
              [-73.661984, -46.297277],
              [-73.71596, -46.415254],
              [-73.770453, -46.499952],
              [-73.84559, -46.566098],
              [-73.943491, -46.571369],
              [-73.948788, -46.533283],
              [-73.935016, -46.500469],
              [-73.810683, -46.377169],
              [-73.708028, -46.070263],
              [-73.708028, -45.966548],
              [-73.694799, -45.859629],
              [-73.735003, -45.811519],
              [-73.812802, -45.818392],
              [-73.878948, -45.846969],
              [-73.929203, -46.05016],
              [-73.967831, -46.154392],
              [-74.089555, -46.22214],
              [-74.213372, -46.239606],
              [-74.372638, -46.246479],
              [-74.392766, -46.217385],
              [-74.356774, -46.212579],
              [-74.081597, -46.131654],
              [-74.019688, -46.055948],
              [-74.060978, -45.947479],
              [-73.999586, -45.895079],
              [-73.960415, -45.83529],
              [-73.8821, -45.569156],
              [-73.844014, -45.502442],
              [-73.824971, -45.44689],
              [-73.920211, -45.407719],
              [-73.957263, -45.404567],
              [-74.037698, -45.417796],
              [-74.099063, -45.460119],
              [-74.122886, -45.496086],
              [-74.099063, -45.603521],
              [-74.082656, -45.64481],
              [-74.081597, -45.678142],
              [-74.096428, -45.716796],
              [-74.157819, -45.767025],
              [-74.301221, -45.803044],
              [-74.368943, -45.809917],
              [-74.462607, -45.840612],
              [-74.630891, -45.84485],
              [-74.763183, -45.823663],
              [-75.066911, -45.874977],
              [-75.074327, -46.004633],
              [-74.997587, -46.097754],
              [-74.924568, -46.159663],
              [-75.074844, -46.234852],
              [-75.246823, -46.369211],
              [-75.375936, -46.429052],
              [-75.436811, -46.483002],
              [-75.656927, -46.61054],
              [-75.706149, -46.705263],
              [-75.708267, -46.775129],
              [-75.635249, -46.862927],
              [-75.49766, -46.939667],
              [-75.501355, -46.946023],
              [-75.251603, -47.757756],
              [-75.261111, -47.763596],
              [-75.194449, -47.818115],
              [-75.185974, -47.850877],
              [-75.112412, -47.837648],
              [-75.084378, -47.824419],
              [-75.051047, -47.800648],
              [-74.916094, -47.756723],
              [-74.926687, -47.723392],
              [-74.650993, -47.706442],
              [-74.608645, -47.757756],
              [-74.568957, -47.773104],
              [-74.429792, -47.799563],
              [-74.376359, -47.829742],
              [-74.379537, -47.891133],
              [-74.350417, -47.944567],
              [-74.227117, -47.968906],
              [-74.084775, -47.954644],
              [-73.940856, -47.929219],
              [-73.84665, -47.866794],
              [-73.779445, -47.73874],
              [-73.748232, -47.661483],
              [-73.71596, -47.655644],
              [-73.634983, -47.88054],
              [-73.628653, -47.941414],
              [-73.610127, -47.993763],
              [-73.56938, -48.019188],
              [-73.501115, -48.106469],
              [-73.391044, -48.146157],
              [-73.384688, -48.177421],
              [-73.52809, -48.19804],
              [-73.854065, -48.041925],
              [-74.250424, -48.045129],
              [-74.400699, -48.012831],
              [-74.584848, -47.999085],
              [-74.590661, -48.162073],
              [-74.577432, -48.274211],
              [-74.499659, -48.362061],
              [-74.47426, -48.464225],
              [-74.343028, -48.492802],
              [-74.269983, -48.454665],
              [-74.171565, -48.42769],
              [-74.00912, -48.474767],
              [-74.05674, -48.503912],
              [-74.129242, -48.504429],
              [-74.17632, -48.493836],
              [-74.22766, -48.517142],
              [-74.340909, -48.595948],
              [-74.382173, -48.793352],
              [-74.380054, -49.047859],
              [-74.35835, -49.351096],
              [-74.366308, -49.400292],
              [-74.348299, -49.426233],
              [-74.301738, -49.463802],
              [-74.221304, -49.500337],
              [-74.184794, -49.404529],
              [-74.16787, -49.3204],
              [-74.13981, -49.250534],
              [-74.073664, -49.188108],
              [-74.061495, -49.110852],
              [-74.027621, -49.026206],
              [-73.935016, -49.020883],
              [-73.937678, -49.046308],
              [-73.984781, -49.060054],
              [-74.015451, -49.09075],
              [-74.0054, -49.157929],
              [-74.023409, -49.244177],
              [-74.049325, -49.305569],
              [-74.083715, -49.36169],
              [-74.094309, -49.429954],
              [-73.987933, -49.490777],
              [-73.892693, -49.523592],
              [-73.836599, -49.609323],
              [-73.891634, -49.623586],
              [-73.955661, -49.592942],
              [-74.102241, -49.555373],
              [-74.230296, -49.579144],
              [-74.290628, -49.604052],
              [-74.318662, -49.719911],
              [-74.323959, -49.783421],
              [-74.171565, -49.907238],
              [-74.073148, -49.948527],
              [-74.011239, -49.928425],
              [-73.958839, -49.994571],
              [-74.019688, -50.022579],
              [-74.333493, -49.974469],
              [-74.434573, -50.065471],
              [-74.629832, -50.194042],
              [-74.516583, -50.26551],
              [-74.425038, -50.350156],
              [-74.37424, -50.362869],
              [-74.305433, -50.398319],
              [-74.030799, -50.469736],
              [-73.950364, -50.510508],
              [-74.185854, -50.4856],
              [-74.196964, -50.609985],
              [-74.16415, -50.638046],
              [-74.096945, -50.716852],
              [-73.977882, -50.826923],
              [-73.891634, -50.782481],
              [-73.750351, -50.539602],
              [-73.679967, -50.490406],
              [-73.654568, -50.492525],
              [-73.693197, -50.570298],
              [-73.613822, -50.627969],
              [-73.618059, -50.651275],
              [-73.658806, -50.650706],
              [-73.740816, -50.69675],
              [-73.824429, -50.835915],
              [-73.806445, -50.938596],
              [-73.847709, -50.940198],
              [-74.139293, -50.817931],
              [-74.156217, -50.797313],
              [-74.190091, -50.777727],
              [-74.331375, -50.559704],
              [-74.365765, -50.487719],
              [-74.564203, -50.381886],
              [-74.644637, -50.36075],
              [-74.721893, -50.408344],
              [-74.77587, -50.469736],
              [-74.702308, -50.535365],
              [-74.648875, -50.61846],
              [-74.685927, -50.661817],
              [-74.836719, -50.678767],
              [-75.094429, -50.681402],
              [-75.055284, -50.785685],
              [-74.983299, -50.880925],
              [-74.814498, -51.062929],
              [-74.690138, -51.086752],
              [-74.586966, -51.130677],
              [-74.507591, -51.149746],
              [-74.414445, -51.162407],
              [-74.332434, -51.195221],
              [-74.210736, -51.204781],
              [-74.121284, -51.195221],
              [-73.939254, -51.266121],
              [-73.895872, -51.331233],
              [-73.929745, -51.618038],
              [-74.069427, -51.578867],
              [-74.196448, -51.680463],
              [-74.146166, -51.712244],
              [-73.973128, -51.784746],
              [-73.89427, -51.757719],
              [-73.85776, -51.790017],
              [-73.810683, -51.801127],
              [-73.752469, -51.795288],
              [-73.650331, -51.856163],
              [-73.582066, -51.960394],
              [-73.518039, -52.040854],
              [-73.383112, -52.069948],
              [-73.188912, -51.990573],
              [-72.92854, -51.859883],
              [-72.59993, -51.799008],
              [-72.583549, -51.7371],
              [-72.649152, -51.695294],
              [-72.704704, -51.677827],
              [-72.789376, -51.614317],
              [-73.114808, -51.504246],
              [-73.163513, -51.495823],
              [-73.196844, -51.477788],
              [-73.168784, -51.454017],
              [-73.126978, -51.439702],
              [-72.761341, -51.573079],
              [-72.542802, -51.705888],
              [-72.489885, -51.763558],
              [-72.494097, -51.847688],
              [-72.522674, -51.891096],
              [-72.624812, -51.946648],
              [-72.624812, -52.006954],
              [-72.613702, -52.037133],
              [-72.524276, -52.17051],
              [-72.519496, -52.217071],
              [-72.523216, -52.255673],
              [-72.532725, -52.282131],
              [-72.568717, -52.334015],
              [-72.631685, -52.371583],
              [-72.677186, -52.384813],
              [-72.714238, -52.356752],
              [-72.693594, -52.330294],
              [-72.583549, -52.254123],
              [-72.570836, -52.200121],
              [-72.58776, -52.145086],
              [-72.649694, -52.100127],
              [-72.694653, -52.044523],
              [-72.695195, -51.985302],
              [-72.7354, -51.960394],
              [-72.795215, -51.949284],
              [-72.843352, -51.960962],
              [-72.943888, -52.046642],
              [-73.137572, -52.129738],
              [-73.260329, -52.157798],
              [-73.327017, -52.165704],
              [-73.457707, -52.146171],
              [-73.532328, -52.153044],
              [-73.649272, -52.077906],
              [-73.684205, -52.077906],
              [-73.685264, -52.136611],
              [-73.702731, -52.199087],
              [-73.749291, -52.215986],
              [-73.83448, -52.233969],
              [-74.040333, -52.1594],
              [-74.133454, -52.154594],
              [-74.194846, -52.120229],
              [-74.264686, -52.104881],
              [-74.295925, -52.11811],
              [-74.265746, -52.171544],
              [-74.238228, -52.20224],
              [-74.17632, -52.317065],
              [-74.150921, -52.382694],
              [-74.09325, -52.376338],
              [-74.037155, -52.402796],
              [-74.000103, -52.51235],
              [-74.036096, -52.577411],
              [-74.01651, -52.632963],
              [-74.021807, -52.634565],
              [-74.634586, -52.747271],
              [-74.670036, -52.734042],
              [-74.711842, -52.748873],
              [-74.711326, -52.768458],
              [-74.619781, -52.834604],
              [-74.558389, -52.921886],
              [-74.414445, -52.994956],
              [-74.269983, -53.081721],
              [-74.236135, -53.076398],
              [-74.138751, -53.090713],
              [-73.993773, -53.075881],
              [-73.866778, -53.097069],
              [-73.793733, -53.120892],
              [-73.617, -53.229877],
              [-73.595838, -53.253183],
              [-73.582609, -53.300261],
              [-73.567261, -53.306617],
              [-73.501115, -53.318244],
              [-73.40957, -53.320363],
              [-73.225938, -53.358448],
              [-73.17514, -53.355813],
              [-73.17514, -53.357415],
              [-73.083079, -53.403458],
              [-73.111113, -53.425162],
              [-73.115351, -53.4479],
              [-73.099486, -53.511927],
              [-73.365646, -53.470121],
              [-73.447139, -53.410331],
              [-73.686324, -53.426713],
              [-73.84559, -53.545775],
              [-73.641339, -53.570115],
              [-73.58155, -53.655329],
              [-73.470936, -53.736306],
              [-73.360349, -53.724111],
              [-73.324899, -53.72256],
              [-73.314305, -53.729433],
              [-73.294745, -53.791858],
              [-73.292627, -53.835783],
              [-73.312186, -53.919396],
              [-73.304797, -53.943735],
              [-73.21059, -53.986058],
              [-73.120105, -54.009365],
              [-73.08096, -53.998254],
              [-73.070909, -53.9781],
              [-73.085714, -53.915675],
              [-73.073028, -53.875471],
              [-73.039671, -53.832579],
              [-72.984118, -53.86064],
              [-72.935956, -53.86064],
              [-72.871929, -53.848496],
              [-72.763977, -53.864877],
              [-72.781443, -53.954846],
              [-72.881463, -54.041611],
              [-72.958719, -54.06595],
              [-72.946007, -54.091892],
              [-72.907379, -54.114629],
              [-72.87087, -54.126825],
              [-72.840174, -54.125223],
              [-72.788859, -54.103002],
              [-72.676669, -54.078663],
              [-72.562904, -54.073908],
              [-72.4703, -54.027865],
              [-72.408391, -54.004042],
              [-72.369221, -53.980787],
              [-72.366042, -53.9411],
              [-72.306253, -53.862242],
              [-72.205174, -53.807206],
              [-72.211013, -53.802452],
              [-72.015211, -53.893971],
              [-72.069187, -53.921515],
              [-72.145927, -53.938981],
              [-72.210471, -54.047967],
              [-72.091408, -54.118867],
              [-71.972346, -54.207234],
              [-71.948549, -54.300923],
              [-71.817833, -54.276583],
              [-71.761221, -54.230023],
              [-71.670736, -54.225269],
              [-71.558004, -54.245888],
              [-71.473332, -54.231056],
              [-71.304531, -54.313635],
              [-71.143146, -54.373942],
              [-71.117747, -54.366552],
              [-71.082813, -54.316271],
              [-71.027778, -54.281338],
              [-71.00504, -54.246404],
              [-71.023024, -54.161758],
              [-71.022507, -54.137935],
              [-70.864274, -54.098248],
              [-70.862698, -54.098248],
              [-70.863214, -54.110392],
              [-70.760016, -54.241133],
              [-70.6362, -54.262269],
              [-70.539901, -54.303558],
              [-70.468458, -54.373425],
              [-70.297538, -54.485615],
              [-70.310767, -54.528454],
              [-70.41766, -54.501996],
              [-70.573232, -54.504631],
              [-70.701286, -54.485615],
              [-70.68754, -54.414663],
              [-70.698651, -54.349085],
              [-70.797068, -54.327381],
              [-70.898148, -54.337975],
              [-70.928301, -54.360196],
              [-70.946284, -54.398281],
              [-70.966412, -54.419469],
              [-71.080178, -54.444325],
              [-71.15901, -54.450681],
              [-71.355329, -54.395646],
              [-71.39344, -54.4004],
              [-71.500333, -54.444842],
              [-71.572835, -54.495123],
              [-71.606166, -54.497242],
              [-71.715695, -54.443808],
              [-71.800366, -54.433731],
              [-71.823647, -54.474504],
              [-71.906742, -54.495123],
              [-71.927904, -54.528454],
              [-71.901445, -54.601473],
              [-71.831579, -54.626329],
              [-71.44106, -54.619456],
              [-71.229393, -54.694077],
              [-70.924606, -54.714179],
              [-70.73516, -54.750715],
              [-70.497035, -54.809419],
              [-70.281674, -54.751748],
              [-70.25891, -54.756502],
              [-70.237749, -54.77769],
              [-70.138246, -54.819496],
              [-70.030319, -54.815775],
              [-69.899604, -54.781927],
              [-69.77155, -54.739087],
              [-69.723387, -54.712061],
              [-69.587401, -54.812623],
              [-69.486322, -54.859183],
              [-69.081514, -54.909981],
              [-69.092082, -54.994111],
              [-69.702742, -54.918973],
              [-69.884256, -54.881921],
              [-69.920765, -55.061342],
              [-69.946707, -55.111054],
              [-69.987971, -55.13064],
              [-69.980038, -55.14759],
              [-69.886891, -55.174048],
              [-69.86573, -55.190429],
              [-69.85356, -55.220092],
              [-69.823924, -55.236473],
              [-69.680005, -55.219006],
              [-69.657241, -55.229083],
              [-69.656182, -55.298381],
              [-69.646131, -55.321171],
              [-69.610138, -55.340188],
              [-69.508542, -55.370883],
              [-69.455626, -55.4238],
              [-69.411701, -55.444419],
              [-69.240781, -55.476717],
              [-69.180991, -55.474598],
              [-69.298995, -55.369282],
              [-69.359327, -55.3005],
              [-69.356149, -55.274042],
              [-69.296876, -55.165573],
              [-69.192644, -55.171929],
              [-69.150838, -55.183556],
              [-69.046581, -55.244431],
              [-69.007953, -55.255542],
              [-68.912713, -55.238592],
              [-68.88995, -55.241227],
              [-68.88889, -55.263448],
              [-68.932299, -55.347629],
              [-68.931239, -55.370883],
              [-68.896306, -55.4238],
              [-68.867186, -55.450258],
              [-68.785176, -55.435427],
              [-68.693631, -55.452377],
              [-68.594154, -55.449742],
              [-68.466616, -55.488912],
              [-68.33802, -55.505294],
              [-68.293578, -55.521159],
              [-68.229551, -55.601619],
              [-68.157049, -55.633865],
              [-68.082454, -55.650815],
              [-68.077674, -55.696858],
              [-68.077674, -60.533462]
            ],
            [
              [-71.406669, -54.9306],
              [-71.388686, -54.934321],
              [-71.325176, -54.913702],
              [-71.29926, -54.892515],
              [-71.273861, -54.886727],
              [-71.203478, -54.893032],
              [-71.120382, -54.938042],
              [-70.990752, -54.990442],
              [-70.967471, -55.006823],
              [-70.964293, -55.039638],
              [-70.939954, -55.061858],
              [-70.815594, -55.079842],
              [-70.744694, -55.104181],
              [-70.71082, -55.106817],
              [-70.640954, -55.084596],
              [-70.597572, -55.081961],
              [-70.551011, -55.11214],
              [-70.538841, -55.134877],
              [-70.543596, -55.161336],
              [-70.475331, -55.1772],
              [-70.403888, -55.165573],
              [-70.298055, -55.11369],
              [-70.28325, -55.066096],
              [-70.41766, -54.908948],
              [-70.534604, -54.921092],
              [-70.615038, -54.945431],
              [-70.749449, -54.952873],
              [-70.805001, -54.967652],
              [-70.927784, -54.942796],
              [-70.945225, -54.931169],
              [-70.991811, -54.868175],
              [-71.088653, -54.867658],
              [-71.197122, -54.844352],
              [-71.374398, -54.834327],
              [-71.410364, -54.839081],
              [-71.437365, -54.889362],
              [-71.426772, -54.913702],
              [-71.406669, -54.9306]
            ],
            [
              [-74.283212, -51.918588],
              [-74.172082, -51.941894],
              [-74.141929, -51.9313],
              [-74.118649, -51.911198],
              [-74.115471, -51.88846],
              [-74.133454, -51.870994],
              [-74.276882, -51.811721],
              [-74.325561, -51.770431],
              [-74.36207, -51.750846],
              [-74.450954, -51.724956],
              [-74.475319, -51.725473],
              [-74.437208, -51.790534],
              [-74.423436, -51.845052],
              [-74.33879, -51.897969],
              [-74.283212, -51.918588]
            ],
            [
              [-74.689622, -45.662794],
              [-74.677969, -45.738448],
              [-74.561567, -45.722584],
              [-74.465785, -45.757],
              [-74.368427, -45.735813],
              [-74.312849, -45.691371],
              [-74.244067, -45.653802],
              [-74.229236, -45.611479],
              [-74.23983, -45.574427],
              [-74.31551, -45.464356],
              [-74.285331, -45.277029],
              [-74.31073, -45.172798],
              [-74.42186, -45.202977],
              [-74.449895, -45.25269],
              [-74.502294, -45.284987],
              [-74.494879, -45.425754],
              [-74.558389, -45.525748],
              [-74.646239, -45.599852],
              [-74.689622, -45.662794]
            ],
            [
              [-74.895991, -48.733046],
              [-74.969553, -48.791233],
              [-74.980663, -48.818725],
              [-74.945213, -48.889677],
              [-74.949451, -48.96006],
              [-75.037275, -49.021969],
              [-75.184398, -49.083309],
              [-75.210313, -49.147904],
              [-75.093912, -49.185473],
              [-75.085954, -49.270119],
              [-75.216669, -49.292857],
              [-75.269586, -49.262729],
              [-75.32674, -49.268517],
              [-75.43309, -49.322002],
              [-75.467507, -49.359002],
              [-75.428853, -49.40825],
              [-75.364309, -49.462769],
              [-75.306096, -49.493981],
              [-75.337308, -49.628392],
              [-75.52094, -49.621519],
              [-75.570162, -49.697173],
              [-75.550034, -49.791379],
              [-75.4511, -49.769675],
              [-75.300282, -49.847448],
              [-75.166931, -49.855923],
              [-75.065852, -49.852202],
              [-75.031461, -49.836338],
              [-74.99335, -49.751692],
              [-74.990714, -49.605602],
              [-74.98118, -49.564365],
              [-74.960018, -49.5331],
              [-74.743598, -49.422513],
              [-74.724012, -49.423598],
              [-74.718715, -49.436827],
              [-74.72719, -49.452175],
              [-74.781166, -49.489227],
              [-74.804989, -49.516202],
              [-74.811862, -49.605086],
              [-74.859482, -49.634179],
              [-74.882245, -49.692419],
              [-74.880643, -49.72575],
              [-74.821913, -49.814117],
              [-74.824549, -49.879746],
              [-74.810803, -49.929459],
              [-74.763183, -50.011469],
              [-74.703367, -50.019427],
              [-74.594899, -50.006715],
              [-74.570016, -49.99085],
              [-74.542499, -49.919433],
              [-74.495938, -49.859644],
              [-74.472141, -49.786056],
              [-74.458912, -49.690817],
              [-74.471082, -49.668596],
              [-74.515524, -49.659604],
              [-74.52188, -49.623069],
              [-74.483768, -49.442098],
              [-74.466844, -49.294459],
              [-74.476353, -49.147904],
              [-74.530872, -48.812421],
              [-74.546219, -48.766894],
              [-74.566322, -48.754698],
              [-74.65151, -48.749944],
              [-74.746776, -48.708706],
              [-74.793336, -48.704985],
              [-74.895991, -48.733046]
            ],
            [
              [-74.909763, -51.649767],
              [-74.915034, -51.738185],
              [-75.008181, -51.723871],
              [-75.105539, -51.788983],
              [-75.050504, -51.903808],
              [-75.017173, -52.03765],
              [-74.917695, -52.151959],
              [-74.85155, -52.270504],
              [-74.694376, -52.279496],
              [-74.665799, -52.159917],
              [-74.531931, -51.992175],
              [-74.536685, -51.965148],
              [-74.647299, -51.86624],
              [-74.749411, -51.851925],
              [-74.780107, -51.82495],
              [-74.822973, -51.630233],
              [-74.909763, -51.649767]
            ],
            [
              [-74.736725, -51.207417],
              [-74.881703, -51.27935],
              [-75.040453, -51.318004],
              [-75.153702, -51.278834],
              [-75.209797, -51.383065],
              [-75.238374, -51.453448],
              [-75.300282, -51.556646],
              [-75.289172, -51.625427],
              [-75.19233, -51.566723],
              [-75.146286, -51.5244],
              [-75.047326, -51.398413],
              [-74.936738, -51.428592],
              [-74.853126, -51.434431],
              [-74.797574, -51.411642],
              [-74.730885, -51.3672],
              [-74.690681, -51.370404],
              [-74.620298, -51.395777],
              [-74.59278, -51.387302],
              [-74.561025, -51.360844],
              [-74.558389, -51.277232],
              [-74.570559, -51.245502],
              [-74.611306, -51.2069],
              [-74.736725, -51.207417]
            ],
            [
              [-75.198143, -47.974746],
              [-75.247365, -48.026577],
              [-75.234136, -48.053552],
              [-75.212975, -48.141402],
              [-75.158456, -48.225015],
              [-75.131998, -48.279533],
              [-75.079081, -48.361544],
              [-75.052106, -48.391206],
              [-75.012935, -48.535642],
              [-74.922992, -48.626644],
              [-74.709724, -48.601271],
              [-74.586424, -48.615534],
              [-74.567381, -48.591711],
              [-74.618179, -48.425054],
              [-74.600195, -48.393273],
              [-74.602314, -48.370536],
              [-74.615001, -48.343044],
              [-74.664223, -48.299119],
              [-74.702308, -48.205998],
              [-74.715021, -48.14564],
              [-74.729309, -48.126054],
              [-74.804989, -48.07846],
              [-74.846253, -48.020789],
              [-74.827727, -47.850361],
              [-74.895475, -47.83925],
              [-74.97485, -47.922863],
              [-75.198143, -47.974746]
            ],
            [
              [-75.209797, -50.045369],
              [-75.32674, -50.012037],
              [-75.369063, -50.112548],
              [-75.376479, -50.1681],
              [-75.39764, -50.19244],
              [-75.411929, -50.256519],
              [-75.448981, -50.343283],
              [-75.307698, -50.343283],
              [-75.250543, -50.376098],
              [-75.054741, -50.296206],
              [-74.963197, -50.23745],
              [-74.838837, -50.197246],
              [-74.875889, -50.109913],
              [-75.004486, -50.088725],
              [-75.122489, -50.055394],
              [-75.209797, -50.045369]
            ],
            [
              [-75.106599, -48.83676],
              [-75.118768, -48.772733],
              [-75.236255, -48.778521],
              [-75.297104, -48.810819],
              [-75.490245, -48.850506],
              [-75.535229, -48.838311],
              [-75.583391, -48.858981],
              [-75.619358, -48.885956],
              [-75.637884, -48.942594],
              [-75.575976, -48.980679],
              [-75.539983, -48.988586],
              [-75.514584, -49.009773],
              [-75.487609, -49.082275],
              [-75.572798, -49.138912],
              [-75.641062, -49.195498],
              [-75.580213, -49.229915],
              [-75.506135, -49.230431],
              [-75.389708, -49.159015],
              [-75.262713, -49.069046],
              [-75.115074, -48.916135],
              [-75.106599, -48.83676]
            ],
            [
              [-75.411412, -50.764498],
              [-75.330435, -50.772456],
              [-75.301858, -50.679852],
              [-75.29235, -50.596756],
              [-75.20344, -50.580892],
              [-75.160575, -50.554433],
              [-75.115074, -50.510508],
              [-75.156337, -50.496711],
              [-75.303977, -50.48405],
              [-75.427819, -50.480329],
              [-75.419861, -50.53061],
              [-75.442625, -50.595671],
              [-75.477558, -50.654427],
              [-75.452676, -50.682487],
              [-75.438387, -50.741192],
              [-75.411412, -50.764498]
            ],
            [
              [-75.338367, -48.074223],
              [-75.391284, -48.019704],
              [-75.560628, -48.071019],
              [-75.571738, -48.095927],
              [-75.553755, -48.15675],
              [-75.508771, -48.230854],
              [-75.518305, -48.328729],
              [-75.651113, -48.58644],
              [-75.623079, -48.764775],
              [-75.510347, -48.763173],
              [-75.43415, -48.721367],
              [-75.225144, -48.671654],
              [-75.158456, -48.622407],
              [-75.155278, -48.425054],
              [-75.2754, -48.218659],
              [-75.338367, -48.074223]
            ],
            [
              [-89.423218, -0.722281],
              [-89.47983, -0.793181],
              [-89.54334, -0.827029],
              [-89.608427, -0.888421],
              [-89.602587, -0.913277],
              [-89.577188, -0.933948],
              [-89.536441, -0.952448],
              [-89.418981, -0.911159],
              [-89.358132, -0.825996],
              [-89.294622, -0.78574],
              [-89.259172, -0.728586],
              [-89.267621, -0.704815],
              [-89.287749, -0.689983],
              [-89.318444, -0.679907],
              [-89.423218, -0.722281]
            ],
            [
              [-90.542401, -0.676754],
              [-90.387346, -0.773596],
              [-90.334971, -0.771477],
              [-90.315386, -0.757163],
              [-90.260867, -0.741815],
              [-90.192603, -0.658771],
              [-90.185213, -0.544979],
              [-90.269342, -0.484673],
              [-90.469899, -0.517487],
              [-90.531807, -0.581515],
              [-90.542401, -0.676754]
            ],
            [
              [-90.809103, -0.329644],
              [-90.620716, -0.364008],
              [-90.574156, -0.333829],
              [-90.553511, -0.278277],
              [-90.667277, -0.189911],
              [-90.780526, -0.1603],
              [-90.820213, -0.192029],
              [-90.867833, -0.271404],
              [-90.809103, -0.329644]
            ],
            [
              [-91.59014, -0.014779],
              [-91.549936, -0.046508],
              [-91.468959, -0.010542],
              [-91.428755, -0.023254],
              [-91.368965, -0.287269],
              [-91.24936, -0.373517],
              [-91.196986, -0.496817],
              [-91.120763, -0.559294],
              [-91.144586, -0.622752],
              [-91.334032, -0.706365],
              [-91.458391, -0.799537],
              [-91.495417, -0.860877],
              [-91.48379, -0.924388],
              [-91.419221, -0.99689],
              [-91.371601, -1.016992],
              [-91.13084, -1.019627],
              [-90.905402, -0.940821],
              [-90.799568, -0.751892],
              [-90.862536, -0.672],
              [-90.958861, -0.595261],
              [-90.96837, -0.575675],
              [-90.950386, -0.525394],
              [-90.975785, -0.416925],
              [-91.176341, -0.223242],
              [-91.210215, -0.039119],
              [-91.272124, 0.024908],
              [-91.305972, 0.091623],
              [-91.36155, 0.125987],
              [-91.49118, 0.105369],
              [-91.509189, 0.062477],
              [-91.597013, 0.002171],
              [-91.59014, -0.014779]
            ],
            [
              [-91.399118, -0.322719],
              [-91.459967, -0.25554],
              [-91.646778, -0.284633],
              [-91.654167, -0.311092],
              [-91.646778, -0.390984],
              [-91.610785, -0.4439],
              [-91.526113, -0.478317],
              [-91.426094, -0.46085],
              [-91.400178, -0.421163],
              [-91.399118, -0.322719]
            ],
            [
              [-149.634969, -17.564044],
              [-149.632851, -17.617477],
              [-149.578875, -17.73499],
              [-149.481516, -17.752973],
              [-149.341266, -17.732302],
              [-149.290469, -17.822271],
              [-149.254502, -17.849815],
              [-149.182, -17.862475],
              [-149.150787, -17.812246],
              [-149.177762, -17.73654],
              [-149.321707, -17.689979],
              [-149.330156, -17.5889],
              [-149.379378, -17.522238],
              [-149.507975, -17.496296],
              [-149.611147, -17.531746],
              [-149.634969, -17.564044]
            ],
            [
              [-171.863664, -14.002246],
              [-171.728195, -14.047204],
              [-171.454103, -14.046688],
              [-171.449323, -14.022348],
              [-171.461492, -13.977338],
              [-171.507019, -13.949846],
              [-171.565207, -13.942973],
              [-171.603861, -13.879463],
              [-171.858367, -13.806961],
              [-171.984846, -13.824427],
              [-172.045695, -13.857242],
              [-172.028228, -13.906954],
              [-171.911827, -14.001677],
              [-171.863664, -14.002246]
            ],
            [
              [-172.510834, -13.482588],
              [-172.669584, -13.523877],
              [-172.778596, -13.517004],
              [-172.744205, -13.578912],
              [-172.659016, -13.645058],
              [-172.535716, -13.791613],
              [-172.484376, -13.800088],
              [-172.330923, -13.774663],
              [-172.225089, -13.804325],
              [-172.176927, -13.684746],
              [-172.221394, -13.559327],
              [-172.333558, -13.465121],
              [-172.510834, -13.482588]
            ],
            [
              [-176.565832, -43.71759],
              [-176.667454, -43.765184],
              [-176.761117, -43.757794],
              [-176.847882, -43.82394],
              [-176.807678, -43.834533],
              [-176.634639, -43.820219],
              [-176.555264, -43.852],
              [-176.523509, -43.900679],
              [-176.56268, -43.954113],
              [-176.631461, -44.006513],
              [-176.629342, -44.036123],
              [-176.59813, -44.107023],
              [-176.571672, -44.114981],
              [-176.515577, -44.116583],
              [-176.452609, -44.076896],
              [-176.334063, -44.048319],
              [-176.333547, -44.025013],
              [-176.385404, -43.951477],
              [-176.438837, -43.954629],
              [-176.500229, -43.859907],
              [-176.441499, -43.815982],
              [-176.454728, -43.804871],
              [-176.516636, -43.784769],
              [-176.499169, -43.767871],
              [-176.407625, -43.760998],
              [-176.375353, -43.790608],
              [-176.381683, -43.866831],
              [-176.27479, -43.764667],
              [-176.213425, -43.766269],
              [-176.177432, -43.740327],
              [-176.565832, -43.71759]
            ]
          ]
        ]
      }
    },
    {
      "type": "Feature",
      "properties": { "globee_ocean": "Indian Ocean", "source_name": "Indian Ocean" },
      "geometry": {
        "type": "Polygon",
        "coordinates": [
          [
            [166.066381, -60.533462],
            [19.615837, -60.533462],
            [19.615837, -34.813275],
            [19.634854, -34.753486],
            [19.850241, -34.75669],
            [19.926464, -34.774673],
            [20.020618, -34.785783],
            [20.434443, -34.508488],
            [20.529683, -34.462961],
            [20.774681, -34.439706],
            [20.882116, -34.38679],
            [20.990068, -34.367721],
            [21.059935, -34.364569],
            [21.248812, -34.406892],
            [21.349891, -34.407977],
            [21.553083, -34.373044],
            [21.789089, -34.372475],
            [22.245237, -34.06929],
            [22.414581, -34.053942],
            [22.553745, -34.010017],
            [22.735801, -34.010017],
            [22.925764, -34.062933],
            [23.26812, -34.080917],
            [23.350131, -34.068773],
            [23.58562, -33.98516],
            [23.69781, -33.99255],
            [24.183051, -34.061331],
            [24.595274, -34.174606],
            [24.827043, -34.168767],
            [24.905385, -34.059781],
            [25.002743, -33.973482],
            [25.169968, -33.960821],
            [25.477391, -34.028],
            [25.574233, -34.035442],
            [25.63826, -34.011102],
            [25.652574, -33.849665],
            [25.806001, -33.736959],
            [25.989608, -33.711585],
            [26.429374, -33.759748],
            [26.613497, -33.707348],
            [27.077603, -33.521054],
            [27.363891, -33.360754],
            [27.761799, -33.096171],
            [27.86076, -33.053796],
            [28.214227, -32.769111],
            [28.449199, -32.624675],
            [28.856151, -32.294463],
            [29.128124, -32.003421],
            [29.482676, -31.67481],
            [29.735064, -31.470534],
            [29.830304, -31.423973],
            [29.97107, -31.32186],
            [30.28857, -30.969944],
            [30.472177, -30.714352],
            [30.663741, -30.433904],
            [30.877526, -30.070877],
            [31.023616, -29.901017],
            [31.17017, -29.590958],
            [31.335276, -29.378206],
            [31.778195, -28.93689],
            [31.891418, -28.912033],
            [31.955445, -28.883973],
            [32.02743, -28.839531],
            [32.285658, -28.621508],
            [32.375109, -28.498209],
            [32.534893, -28.199777],
            [32.657108, -27.6071],
            [32.705839, -27.441477],
            [32.849241, -27.080052],
            [32.886241, -26.849317],
            [32.889445, -26.8303],
            [32.909547, -26.571504],
            [32.932802, -26.573106],
            [45.11211, -25.541231],
            [45.115314, -25.54335],
            [45.205799, -25.570325],
            [45.507951, -25.562935],
            [45.604793, -25.528519],
            [45.692074, -25.468213],
            [45.920691, -25.341192],
            [46.158816, -25.230604],
            [46.386864, -25.172933],
            [46.622354, -25.170298],
            [46.728755, -25.149627],
            [46.938303, -25.0486],
            [47.035093, -24.97925],
            [47.177462, -24.787169],
            [47.272701, -24.564392],
            [47.311872, -24.443211],
            [47.333576, -24.317792],
            [47.372747, -24.218315],
            [47.427782, -24.125194],
            [47.557955, -23.874356],
            [47.588651, -23.756379],
            [47.603947, -23.633079],
            [47.739443, -23.233517],
            [47.803987, -22.991723],
            [47.858505, -22.747242],
            [47.908218, -22.465709],
            [47.934677, -22.393775],
            [48.176005, -21.842904],
            [48.35062, -21.349188],
            [48.468649, -20.899913],
            [48.606729, -20.457511],
            [48.708324, -20.207242],
            [48.79726, -19.953252],
            [48.917872, -19.530435],
            [49.060241, -19.119815],
            [49.203126, -18.792238],
            [49.296764, -18.544087],
            [49.36291, -18.33609],
            [49.477735, -17.898494],
            [49.493651, -17.66936],
            [49.437014, -17.346538],
            [49.449158, -17.240704],
            [49.539643, -17.032758],
            [49.595247, -16.931163],
            [49.637053, -16.893077],
            [49.739683, -16.849669],
            [49.767226, -16.815252],
            [49.738649, -16.75815],
            [49.733843, -16.703115],
            [49.811151, -16.603069],
            [49.83916, -16.486642],
            [49.831253, -16.255958],
            [49.828049, -16.249085],
            [50.194797, -15.959077],
            [50.20906, -15.960679],
            [50.262493, -15.901406],
            [50.291587, -15.858567],
            [50.404862, -15.628865],
            [50.482635, -15.385469],
            [50.441345, -15.149463],
            [50.313291, -14.936711],
            [50.235518, -14.731969],
            [50.204822, -14.514463],
            [50.17361, -14.040331],
            [50.073616, -13.577827],
            [49.967214, -13.270404],
            [49.937603, -13.072483],
            [49.876212, -12.973006],
            [49.804795, -12.879885],
            [49.638087, -12.636954],
            [49.584137, -12.536961],
            [49.538093, -12.432212],
            [49.479854, -12.3486],
            [49.363995, -12.23641],
            [49.330095, -12.188765],
            [49.312112, -12.123704],
            [49.263433, -12.080296],
            [49.256043, -12.080296],
            [49.25656, -12.047481],
            [48.886143, -11.782898],
            [44.632708, -11.273317],
            [42.46576, -10.989148],
            [40.608922, -10.658936],
            [40.516835, -10.567417],
            [40.463401, -10.464219],
            [40.452291, -10.443032],
            [40.435341, -10.410269],
            [40.388781, -10.353631],
            [40.215768, -10.240925],
            [40.137943, -10.202788],
            [40.083476, -10.156796],
            [39.983431, -10.159431],
            [39.945345, -10.0922],
            [39.863851, -10.021817],
            [39.725203, -10.000681],
            [39.78396, -9.914433],
            [39.774968, -9.837177],
            [39.727839, -9.724987],
            [39.696626, -9.578381],
            [39.625726, -9.409606],
            [39.641074, -9.192617],
            [39.451112, -8.942865],
            [39.480206, -8.905813],
            [39.488164, -8.861888],
            [39.377524, -8.720604],
            [39.303989, -8.443877],
            [39.308743, -8.350704],
            [39.339956, -8.242752],
            [39.441035, -8.011552],
            [39.428322, -7.812546],
            [39.330447, -7.7464],
            [39.287039, -7.78769],
            [39.288641, -7.517835],
            [39.353185, -7.341619],
            [39.433645, -7.207208],
            [39.519376, -7.124113],
            [39.545835, -7.024119],
            [39.472247, -6.878598],
            [39.287607, -6.815088],
            [39.228335, -6.685431],
            [39.125654, -6.555775],
            [39.067466, -6.49919],
            [38.981218, -6.455265],
            [38.873783, -6.331448],
            [38.855282, -6.204944],
            [38.804484, -6.070017],
            [38.819264, -5.877419],
            [38.910835, -5.626065],
            [38.978014, -5.518629],
            [39.058474, -5.231825],
            [39.088085, -5.165679],
            [39.118781, -5.065685],
            [39.123018, -4.980471],
            [39.201876, -4.776194],
            [39.221978, -4.692581],
            [39.228335, -4.665606],
            [39.287607, -4.608452],
            [39.377008, -4.625402],
            [39.490799, -4.478279],
            [39.636837, -4.152873],
            [39.658024, -4.118973],
            [39.687118, -4.068175],
            [39.73156, -3.993038],
            [39.745822, -3.955469],
            [39.76117, -3.913146],
            [39.818893, -3.786125],
            [39.861216, -3.576577],
            [39.896149, -3.535856],
            [39.93687, -3.442684],
            [39.991906, -3.350648],
            [40.115206, -3.250602],
            [40.127918, -3.173346],
            [40.194581, -3.01935],
            [40.179749, -2.818794],
            [40.222641, -2.688104],
            [40.27871, -2.628831],
            [40.404645, -2.555813],
            [40.644372, -2.539431],
            [40.813199, -2.392308],
            [40.820072, -2.33624],
            [40.898362, -2.270094],
            [40.922185, -2.193871],
            [40.905803, -2.137234],
            [40.889887, -2.023494],
            [40.916345, -2.042511],
            [40.952364, -2.05574],
            [40.970864, -1.991713],
            [40.99572, -1.950475],
            [41.058714, -1.975331],
            [41.106876, -1.982204],
            [41.267745, -1.945152],
            [41.386807, -1.866862],
            [41.532845, -1.6954],
            [41.631805, -1.578456],
            [41.732316, -1.4303],
            [41.846108, -1.203285],
            [41.888431, -1.150369],
            [41.925999, -1.055646],
            [41.980001, -0.973067],
            [42.106453, -0.856123],
            [42.21916, -0.738146],
            [42.399614, -0.510046],
            [42.46576, -0.456613],
            [42.560483, -0.321685],
            [42.634018, -0.250785],
            [42.711843, -0.175648],
            [43.467456, 0.621823],
            [43.717776, 0.857829],
            [44.032641, 1.106031],
            [44.332674, 1.391233],
            [44.920029, 1.810329],
            [45.826485, 2.309859],
            [46.051381, 2.474966],
            [46.87903, 3.28564],
            [47.511343, 3.968285],
            [47.975449, 4.496909],
            [48.234193, 4.952515],
            [48.649052, 5.494394],
            [49.04913, 6.173835],
            [49.092539, 6.407723],
            [49.234856, 6.777623],
            [49.348647, 6.990349],
            [49.569822, 7.296738],
            [49.671418, 7.469777],
            [49.761387, 7.659739],
            [49.851872, 7.962434],
            [50.10271, 8.200017],
            [50.285799, 8.509584],
            [50.321249, 8.619655],
            [50.429718, 8.845068],
            [50.638232, 9.109134],
            [50.68531, 9.240883],
            [50.824991, 9.42821],
            [50.832949, 9.71026],
            [50.87367, 9.924046],
            [50.898578, 10.253173],
            [50.929791, 10.335726],
            [51.035624, 10.384948],
            [51.208637, 10.430992],
            [51.26791, 10.402931],
            [51.384337, 10.386524],
            [51.388057, 10.408771],
            [73.12301, -0.680475],
            [80.21281, 6.050019],
            [80.215445, 6.053197],
            [80.267328, 6.009789],
            [80.495893, 5.949482],
            [80.723993, 5.979119],
            [80.97111, 6.088647],
            [81.306076, 6.204014],
            [81.380129, 6.241041],
            [81.637322, 6.42519],
            [81.71246, 6.51198],
            [81.767495, 6.614119],
            [81.81881, 6.756461],
            [81.861185, 6.90144],
            [81.877049, 7.020502],
            [81.874414, 7.241703],
            [95.199854, 5.52403],
            [95.224193, 5.521911],
            [95.223676, 5.517131],
            [95.243262, 5.464215],
            [95.246982, 5.410781],
            [95.220524, 5.346211],
            [95.206727, 5.283786],
            [95.381393, 4.976337],
            [95.432191, 4.865207],
            [95.494616, 4.761493],
            [95.578745, 4.662015],
            [95.987816, 4.263022],
            [96.230178, 4.072517],
            [96.310587, 3.986269],
            [96.44448, 3.816408],
            [96.525406, 3.76667],
            [96.801151, 3.708456],
            [96.893755, 3.653937],
            [96.968893, 3.575105],
            [97.188466, 3.275588],
            [97.247739, 3.188798],
            [97.313368, 3.077151],
            [97.391141, 2.975038],
            [97.590664, 2.846442],
            [97.616554, 2.78505],
            [97.640376, 2.676581],
            [97.662081, 2.494008],
            [97.700734, 2.358539],
            [97.794889, 2.282884],
            [97.918706, 2.264358],
            [98.005005, 2.238417],
            [98.086447, 2.195034],
            [98.564299, 1.902416],
            [98.595512, 1.864848],
            [98.70243, 1.70186],
            [98.796637, 1.494431],
            [98.935233, 1.031927],
            [99.059618, 0.686367],
            [99.111449, 0.458835],
            [99.159095, 0.351968],
            [99.236351, 0.267788],
            [99.334795, 0.208566],
            [99.597776, 0.102165],
            [99.669762, 0.04501],
            [99.721076, -0.032763],
            [99.860241, -0.313727],
            [99.930624, -0.399975],
            [100.016872, -0.474079],
            [100.087772, -0.552938],
            [100.288845, -0.798969],
            [100.308431, -0.826513],
            [100.394162, -1.101121],
            [100.486249, -1.299042],
            [100.855064, -1.934042],
            [100.848191, -2.144107],
            [100.88948, -2.24839],
            [100.944516, -2.345231],
            [101.118614, -2.587594],
            [101.206464, -2.663765],
            [101.305941, -2.728877],
            [101.366247, -2.808769],
            [101.41441, -2.898737],
            [101.578431, -3.16699],
            [101.648814, -3.244246],
            [101.818158, -3.37814],
            [102.127699, -3.599315],
            [102.187489, -3.674504],
            [102.372181, -3.969215],
            [102.537804, -4.152304],
            [102.918814, -4.47089],
            [103.138439, -4.596308],
            [103.238949, -4.675683],
            [103.332122, -4.765084],
            [103.405658, -4.816398],
            [103.770235, -5.032871],
            [103.831626, -5.079431],
            [104.067116, -5.385821],
            [104.150728, -5.466746],
            [104.242816, -5.538731],
            [104.369268, -5.690608],
            [104.480941, -5.803315],
            [104.601554, -5.904394],
            [104.60791, -5.904911],
            [104.607393, -5.909148],
            [105.130203, -6.606056],
            [105.19206, -6.54575],
            [105.225443, -6.5288],
            [105.260376, -6.524046],
            [105.277326, -6.561615],
            [105.252935, -6.640473],
            [105.194747, -6.661092],
            [105.27681, -6.726721],
            [105.273606, -6.729356],
            [105.243427, -6.778036],
            [105.255622, -6.83519],
            [105.302699, -6.841029],
            [105.361972, -6.826198],
            [105.408016, -6.831469],
            [105.420728, -6.833071],
            [105.478399, -6.85369],
            [105.601182, -6.860046],
            [105.724999, -6.8463],
            [105.834553, -6.845783],
            [105.944572, -6.859013],
            [106.198045, -6.927794],
            [106.519783, -7.053729],
            [106.491774, -7.114087],
            [106.448366, -7.176513],
            [106.417102, -7.239454],
            [106.411314, -7.311956],
            [106.455239, -7.368594],
            [106.535131, -7.394019],
            [106.631456, -7.415671],
            [107.07117, -7.447452],
            [107.284956, -7.471792],
            [107.546852, -7.542175],
            [107.597701, -7.566515],
            [107.695628, -7.635296],
            [107.804614, -7.688213],
            [107.917269, -7.724179],
            [108.220557, -7.782419],
            [108.335383, -7.794046],
            [108.45181, -7.796681],
            [108.517955, -7.735858],
            [108.570304, -7.707281],
            [108.741249, -7.667025],
            [108.856074, -7.66811],
            [108.986764, -7.704077],
            [109.193676, -7.695086],
            [109.281526, -7.705162],
            [109.852499, -7.828462],
            [110.038741, -7.890371],
            [110.607078, -8.149631],
            [110.830372, -8.202031],
            [111.055268, -8.2396],
            [111.338352, -8.261821],
            [111.509866, -8.305229],
            [112.115203, -8.323729],
            [112.351727, -8.353392],
            [112.586182, -8.399435],
            [112.678787, -8.409461],
            [112.771908, -8.396231],
            [112.897843, -8.361298],
            [113.019024, -8.312619],
            [113.133849, -8.288279],
            [113.253429, -8.286677],
            [113.692678, -8.477725],
            [113.940312, -8.568211],
            [114.159885, -8.626398],
            [114.27688, -8.614771],
            [114.339305, -8.647586],
            [114.38323, -8.705256],
            [114.459401, -8.740706],
            [114.583787, -8.769852],
            [114.595414, -8.737554],
            [114.62611, -8.748665],
            [115.144166, -8.852379],
            [115.155276, -8.854498],
            [116.60201, -8.978315],
            [116.957078, -9.079394],
            [116.958164, -9.07619],
            [117.06131, -9.098979],
            [117.161355, -9.069317],
            [117.210035, -9.033867],
            [117.265018, -9.02596],
            [117.326462, -9.033867],
            [117.387802, -9.031748],
            [117.507949, -9.007409],
            [117.73176, -8.920127],
            [117.795219, -8.920127],
            [117.861364, -8.931754],
            [118.023887, -8.868761],
            [118.070447, -8.850777],
            [118.131322, -8.8561],
            [118.190026, -8.840752],
            [118.233951, -8.807938],
            [118.378956, -8.674561],
            [118.400143, -8.703706],
            [118.398024, -8.813209],
            [118.427118, -8.855532],
            [118.478433, -8.856617],
            [118.478949, -8.859769],
            [118.50701, -8.854498],
            [118.94781, -9.524948],
            [118.963158, -9.531304],
            [118.97742, -9.572594],
            [119.008116, -9.620704],
            [119.042533, -9.668867],
            [119.085372, -9.707004],
            [119.362668, -9.772065],
            [119.41667, -9.771031],
            [119.47062, -9.760438],
            [119.546274, -9.767827],
            [119.662701, -9.815473],
            [119.812977, -9.917586],
            [119.930489, -9.966265],
            [119.998185, -10.039852],
            [120.052187, -10.122896],
            [120.144791, -10.200152],
            [120.255378, -10.242475],
            [120.394543, -10.263663],
            [120.438985, -10.293842],
            [120.561768, -10.235602],
            [120.640626, -10.227696],
            [120.653339, -10.222942],
            [121.32906, -10.794948],
            [122.810726, -10.847865],
            [122.822302, -10.855823],
            [122.826074, -10.899179],
            [122.855685, -10.909773],
            [122.903331, -10.909256],
            [122.91656, -10.918248],
            [126.898539, -13.745569],
            [126.775756, -13.78846],
            [126.764594, -13.873106],
            [126.78051, -13.955117],
            [126.678914, -14.089527],
            [126.569928, -14.160996],
            [126.482595, -14.078934],
            [126.40322, -14.019144],
            [126.323328, -14.062035],
            [126.298989, -14.136088],
            [126.258268, -14.163631],
            [126.228089, -14.11335],
            [126.184164, -14.002246],
            [126.119052, -13.957752],
            [126.053991, -13.977338],
            [126.073576, -14.065704],
            [126.111145, -14.113867],
            [126.101068, -14.18425],
            [126.053474, -14.216548],
            [126.044999, -14.283211],
            [126.016422, -14.37106],
            [126.02066, -14.49436],
            [125.946039, -14.520302],
            [125.890435, -14.618177],
            [125.850282, -14.597558],
            [125.839689, -14.534048],
            [125.819587, -14.468936],
            [125.73861, -14.444079],
            [125.708431, -14.504954],
            [125.690447, -14.525573],
            [125.66187, -14.529294],
            [125.680939, -14.480046],
            [125.681456, -14.38801],
            [125.704762, -14.291169],
            [125.627505, -14.256752],
            [125.597326, -14.27794],
            [125.59836, -14.361552],
            [125.57986, -14.48325],
            [125.503637, -14.502267],
            [125.435941, -14.556786],
            [125.335378, -14.557871],
            [125.284581, -14.584329],
            [125.266597, -14.648356],
            [125.178747, -14.714502],
            [125.180349, -14.793877],
            [125.239622, -14.874802],
            [125.243239, -14.944669],
            [125.383541, -15.015569],
            [125.375531, -15.087037],
            [125.355481, -15.119852],
            [125.302564, -15.10714],
            [125.188824, -15.045231],
            [125.072914, -15.032519],
            [125.037981, -15.003942],
            [125.024235, -15.024561],
            [125.023149, -15.07169],
            [124.978656, -15.106623],
            [124.914164, -15.109775],
            [124.839026, -15.160573],
            [124.89246, -15.240465],
            [124.882951, -15.272246],
            [124.90941, -15.309815],
            [125.024235, -15.317204],
            [125.072914, -15.306611],
            [125.077668, -15.374358],
            [125.062837, -15.442106],
            [125.016276, -15.466446],
            [124.971835, -15.404537],
            [124.75066, -15.285475],
            [124.69242, -15.273796],
            [124.680276, -15.310848],
            [124.69087, -15.359527],
            [124.64431, -15.4188],
            [124.561731, -15.496056],
            [124.505662, -15.475438],
            [124.439516, -15.493421],
            [124.396573, -15.625713],
            [124.381845, -15.758004],
            [124.45538, -15.850608],
            [124.50406, -15.972306],
            [124.606741, -15.822548],
            [124.648547, -15.80565],
            [124.648547, -15.870194],
            [124.608859, -15.937373],
            [124.585037, -16.019952],
            [124.577078, -16.11359],
            [124.509899, -16.116225],
            [124.434762, -16.103565],
            [124.41621, -16.133692],
            [124.388149, -16.203042],
            [124.404583, -16.298798],
            [124.454295, -16.335333],
            [124.570206, -16.331613],
            [124.669166, -16.339002],
            [124.757016, -16.373419],
            [124.771795, -16.402513],
            [124.69242, -16.386131],
            [124.530001, -16.395123],
            [124.452745, -16.381894],
            [124.300351, -16.38825],
            [124.186043, -16.333731],
            [124.129922, -16.278696],
            [124.044191, -16.26495],
            [123.961147, -16.287171],
            [123.915103, -16.363394],
            [123.858983, -16.382411],
            [123.72881, -16.192448],
            [123.647316, -16.179736],
            [123.60706, -16.224177],
            [123.646283, -16.34324],
            [123.62618, -16.41631],
            [123.58117, -16.470777],
            [123.525101, -16.467625],
            [123.490168, -16.490879],
            [123.518228, -16.540644],
            [123.60706, -16.668181],
            [123.680699, -16.723733],
            [123.745243, -16.80099],
            [123.778057, -16.867652],
            [123.856347, -16.8645],
            [123.874331, -16.91845],
            [123.829372, -16.996792],
            [123.830974, -17.120608],
            [123.799193, -17.126965],
            [123.753718, -17.09999],
            [123.663749, -17.02325],
            [123.617706, -17.008419],
            [123.593366, -17.030123],
            [123.586493, -17.082523],
            [123.607629, -17.220086],
            [123.561637, -17.415371],
            [123.571662, -17.472525],
            [123.563135, -17.521204],
            [123.525101, -17.485754],
            [123.478541, -17.410048],
            [123.383301, -17.292588],
            [123.265789, -17.036996],
            [123.141972, -16.862898],
            [123.074276, -16.715258],
            [122.97051, -16.436929],
            [122.91656, -16.432692],
            [122.848295, -16.552271],
            [122.772072, -16.709987],
            [122.720241, -16.787761],
            [122.598026, -16.865017],
            [122.522269, -16.94279],
            [122.431835, -16.970333],
            [122.332823, -17.059217],
            [122.260941, -17.135956],
            [122.160378, -17.313775],
            [122.142912, -17.4286],
            [122.147614, -17.549213],
            [122.191074, -17.720158],
            [122.237635, -17.968309],
            [122.305899, -17.994767],
            [122.360935, -18.037142],
            [122.345587, -18.111711],
            [122.261974, -18.159356],
            [122.006383, -18.393761],
            [121.833887, -18.476856],
            [121.784691, -18.536129],
            [121.722214, -18.659946],
            [121.630643, -18.816577],
            [121.589406, -18.915021],
            [121.493649, -19.106585],
            [121.337535, -19.319802],
            [121.179818, -19.478036],
            [120.997814, -19.604539],
            [120.878234, -19.664846],
            [120.433714, -19.842096],
            [120.196106, -19.909327],
            [119.768018, -19.958523],
            [119.585962, -20.038415],
            [119.358947, -20.012525],
            [119.104441, -19.995575],
            [118.751491, -20.26176],
            [118.458331, -20.326821],
            [118.199018, -20.374983],
            [118.087397, -20.418908],
            [117.832322, -20.572336],
            [117.684166, -20.642719],
            [117.406353, -20.72106],
            [117.29251, -20.713102],
            [117.139135, -20.641169],
            [116.995164, -20.65755],
            [116.836414, -20.646956],
            [116.70681, -20.653829],
            [116.60573, -20.713671],
            [116.010935, -21.030602],
            [115.893474, -21.11685],
            [115.771156, -21.242269],
            [115.596076, -21.358179],
            [115.456343, -21.491504],
            [115.161633, -21.630669],
            [114.858964, -21.735986],
            [114.709205, -21.823319],
            [114.602804, -21.942381],
            [114.417078, -22.260915],
            [114.377908, -22.341375],
            [114.303339, -22.425504],
            [114.205412, -22.455683],
            [114.141385, -22.483175],
            [114.163606, -22.323392],
            [114.092706, -22.18154],
            [114.14247, -21.909567],
            [114.123918, -21.82859],
            [114.022839, -21.881506],
            [113.958295, -21.939177],
            [113.794791, -22.332383],
            [113.682601, -22.637688],
            [113.767816, -22.812871],
            [113.795308, -22.914467],
            [113.794791, -23.023452],
            [113.76456, -23.1806],
            [113.767247, -23.282765],
            [113.757222, -23.418209],
            [113.552894, -23.732556],
            [113.490003, -23.869602],
            [113.42117, -24.132067],
            [113.412747, -24.253765],
            [113.397399, -25.647065],
            [113.39528, -25.713211],
            [113.513258, -25.898419],
            [113.588964, -26.098458],
            [113.706424, -26.223877],
            [113.775722, -26.256123],
            [113.852927, -26.332346],
            [113.836597, -26.500604],
            [113.780477, -26.563081],
            [113.733399, -26.595327],
            [113.581522, -26.558275],
            [113.546589, -26.436577],
            [113.427526, -26.197935],
            [113.388924, -26.105331],
            [113.35611, -26.080475],
            [113.34288, -26.12595],
            [113.345516, -26.208529],
            [113.323295, -26.243979],
            [113.299989, -26.240258],
            [113.252912, -26.197419],
            [113.210589, -26.174113],
            [113.184647, -26.182071],
            [113.231208, -26.241344],
            [113.332804, -26.41756],
            [113.709576, -26.847767],
            [114.028162, -27.347271],
            [114.098545, -27.544107],
            [114.133427, -27.976483],
            [114.165208, -28.080715],
            [114.353568, -28.295017],
            [114.537226, -28.54265],
            [114.591693, -28.66595],
            [114.59066, -28.771784],
            [114.628228, -28.871829],
            [114.856845, -29.142769],
            [114.958958, -29.43381],
            [114.97167, -29.539644],
            [114.942008, -29.721648],
            [114.968983, -30.042352],
            [114.994408, -30.216398],
            [115.016628, -30.307969],
            [115.016628, -33.529529],
            [114.993891, -33.515267],
            [114.975907, -33.80419],
            [114.97322, -34.051306],
            [115.005518, -34.144944],
            [115.00867, -34.2561],
            [115.127733, -34.341831],
            [115.194964, -34.308448],
            [115.277491, -34.303694],
            [115.564864, -34.42596],
            [115.726249, -34.525954],
            [115.986595, -34.794775],
            [116.21733, -34.865675],
            [116.517364, -34.987942],
            [116.86556, -35.026544],
            [117.143889, -35.033417],
            [117.582053, -35.097961],
            [117.675691, -35.074706],
            [117.863018, -35.055121],
            [118.00642, -35.013315],
            [118.036031, -35.007475],
            [118.047193, -35.060392],
            [145.906216, -43.39425],
            [145.988743, -43.417039],
            [146.013031, -43.445048],
            [146.043262, -43.547212],
            [146.186664, -43.512796],
            [146.360245, -43.518067],
            [146.779341, -43.632375],
            [165.898639, -50.79199],
            [165.88913, -50.807906],
            [165.903962, -50.821652],
            [165.971141, -50.819533],
            [165.971658, -50.819533],
            [166.066381, -50.854983],
            [166.066381, -60.533462]
          ],
          [
            [112.908437, -25.569808],
            [112.964506, -25.783077],
            [113.156587, -26.094221],
            [113.183045, -26.052931],
            [113.148164, -25.974073],
            [113.131731, -25.951852],
            [113.131731, -25.882554],
            [113.096281, -25.814806],
            [112.982489, -25.520044],
            [112.947039, -25.531723],
            [112.908437, -25.569808]
          ],
          [
            [102.135658, -5.360396],
            [102.285933, -5.483696],
            [102.367426, -5.478942],
            [102.405512, -5.404838],
            [102.371664, -5.366235],
            [102.198651, -5.288979],
            [102.153641, -5.286344],
            [102.110801, -5.32231],
            [102.135658, -5.360396]
          ],
          [
            [100.179343, -2.820396],
            [100.204199, -2.987104],
            [100.259751, -3.056919],
            [100.332253, -3.11304],
            [100.348635, -3.159083],
            [100.345999, -3.229467],
            [100.465062, -3.328427],
            [100.424858, -3.182906],
            [100.433849, -3.1411],
            [100.464545, -3.11676],
            [100.468783, -3.038936],
            [100.454468, -3.001935],
            [100.245489, -2.783344],
            [100.19836, -2.785463],
            [100.179343, -2.820396]
          ],
          [
            [100.014753, -2.819879],
            [100.132782, -2.821481],
            [100.204199, -2.741021],
            [100.202081, -2.679629],
            [100.012118, -2.510337],
            [99.987727, -2.525117],
            [99.969227, -2.593898],
            [99.968193, -2.609815],
            [99.99677, -2.649502],
            [99.992016, -2.769598],
            [100.014753, -2.819879]
          ],
          [
            [99.572352, -2.025612],
            [99.56181, -2.050986],
            [99.559122, -2.115581],
            [99.53747, -2.161573],
            [99.607285, -2.257381],
            [99.685109, -2.281721],
            [99.848045, -2.369571],
            [99.842774, -2.343112],
            [99.815799, -2.284356],
            [99.734822, -2.17749],
            [99.68666, -2.063181],
            [99.622116, -2.016621],
            [99.572352, -2.025612]
          ],
          [
            [98.87441, -1.663671],
            [99.071762, -1.783767],
            [99.163849, -1.777927],
            [99.271285, -1.73824],
            [99.267047, -1.627652],
            [99.21041, -1.559388],
            [99.130518, -1.442444],
            [99.140595, -1.418621],
            [99.128916, -1.384256],
            [99.101424, -1.340331],
            [99.064889, -1.240854],
            [98.954818, -1.056163],
            [98.932597, -0.95405],
            [98.869087, -0.915396],
            [98.675972, -0.970431],
            [98.601868, -1.197963],
            [98.626776, -1.261473],
            [98.81617, -1.538252],
            [98.827849, -1.610186],
            [98.87441, -1.663671]
          ],
          [
            [98.415626, -0.017415],
            [98.374337, 0.006925],
            [98.323022, -0.000982],
            [98.427253, -0.226446],
            [98.408753, -0.308973],
            [98.354751, -0.379356],
            [98.33992, -0.467723],
            [98.309793, -0.53175],
            [98.399762, -0.57676],
            [98.458983, -0.530717],
            [98.519858, -0.379873],
            [98.544197, -0.257658],
            [98.484408, -0.16769],
            [98.415626, -0.017415]
          ],
          [
            [97.481626, 1.465311],
            [97.355691, 1.539932],
            [97.342462, 1.527762],
            [97.324478, 1.481719],
            [97.244018, 1.423505],
            [97.078964, 1.425624],
            [97.296935, 1.187525],
            [97.36892, 1.056783],
            [97.405455, 0.946713],
            [97.461524, 0.941442],
            [97.603893, 0.834006],
            [97.682699, 0.640891],
            [97.683785, 0.595881],
            [97.820314, 0.564669],
            [97.876383, 0.628179],
            [97.902324, 0.884287],
            [97.931935, 0.973739],
            [97.903358, 1.018181],
            [97.786414, 1.145718],
            [97.698616, 1.183804],
            [97.481626, 1.465311]
          ],
          [
            [95.895728, 2.889307],
            [95.806276, 2.915765],
            [95.772428, 2.854916],
            [95.717393, 2.825797],
            [95.732741, 2.766524],
            [95.808395, 2.65542],
            [95.879864, 2.641131],
            [95.938568, 2.598265],
            [96.022181, 2.595604],
            [96.290485, 2.429464],
            [96.340766, 2.37231],
            [96.401072, 2.350606],
            [96.463497, 2.36014],
            [96.45926, 2.415693],
            [96.442878, 2.465431],
            [96.417505, 2.51517],
            [96.179897, 2.661233],
            [96.129616, 2.721023],
            [96.101556, 2.741125],
            [95.997841, 2.781355],
            [95.895728, 2.889307]
          ],
          [
            [73.413018, -53.146782],
            [73.464901, -53.18435],
            [73.588149, -53.18435],
            [73.707212, -53.137273],
            [73.795062, -53.129883],
            [73.837953, -53.112933],
            [73.731035, -53.091229],
            [73.585514, -53.027202],
            [73.388162, -52.99971],
            [73.305066, -52.966379],
            [73.251116, -52.975888],
            [73.253751, -52.989117],
            [73.285481, -53.021414],
            [73.336279, -53.029838],
            [73.413018, -53.146782]
          ],
          [
            [68.814539, -49.699808],
            [68.872778, -49.709885],
            [68.992874, -49.705079],
            [69.086047, -49.652731],
            [69.153226, -49.529948],
            [69.274408, -49.54266],
            [69.352697, -49.563279],
            [69.477599, -49.617281],
            [69.613095, -49.651129],
            [69.681876, -49.642138],
            [69.74642, -49.601933],
            [69.804091, -49.61356],
            [69.825795, -49.644773],
            [69.918916, -49.689215],
            [70.075031, -49.7088],
            [70.124227, -49.704563],
            [70.207322, -49.664875],
            [70.216314, -49.628908],
            [70.258637, -49.600848],
            [70.307316, -49.583381],
            [70.247526, -49.530465],
            [70.165516, -49.509329],
            [70.073429, -49.517752],
            [70.062887, -49.589221],
            [69.986664, -49.581831],
            [69.855974, -49.544211],
            [69.780268, -49.490261],
            [69.749056, -49.447421],
            [69.760166, -49.430471],
            [69.818405, -49.437861],
            [69.861245, -49.420394],
            [69.902018, -49.389181],
            [69.915764, -49.34846],
            [69.99302, -49.34474],
            [70.165516, -49.343138],
            [70.238018, -49.371715],
            [70.297808, -49.424631],
            [70.33858, -49.435225],
            [70.386174, -49.434192],
            [70.411599, -49.410886],
            [70.389895, -49.365359],
            [70.485135, -49.32779],
            [70.537018, -49.265365],
            [70.555518, -49.201338],
            [70.530662, -49.136794],
            [70.484101, -49.083877],
            [70.406276, -49.061088],
            [70.320029, -49.058452],
            [70.285095, -49.076436],
            [70.208407, -49.135192],
            [70.061285, -49.136225],
            [69.984028, -49.160048],
            [69.854372, -49.22144],
            [69.77076, -49.247898],
            [69.666528, -49.264848],
            [69.610976, -49.265881],
            [69.542143, -49.255856],
            [69.405097, -49.181752],
            [69.43631, -49.124081],
            [69.572322, -49.128836],
            [69.644307, -49.117208],
            [69.587153, -49.071681],
            [69.592941, -48.971171],
            [69.534753, -48.974323],
            [69.314095, -49.106098],
            [69.265416, -49.115606],
            [69.184956, -49.109767],
            [69.052147, -49.081758],
            [69.032562, -49.017731],
            [69.099276, -48.937788],
            [69.10403, -48.899702],
            [69.136276, -48.8611],
            [69.122531, -48.765809],
            [69.071733, -48.752579],
            [69.09292, -48.724002],
            [69.081241, -48.679044],
            [69.05747, -48.656306],
            [69.002435, -48.66106],
            [68.95851, -48.693875],
            [68.90027, -48.775886],
            [68.832006, -48.848904],
            [68.83676, -48.926161],
            [68.796556, -48.994942],
            [68.769581, -49.065894],
            [68.790199, -49.103462],
            [68.816658, -49.135192],
            [68.85371, -49.141548],
            [68.883372, -49.164802],
            [68.813505, -49.192346],
            [68.798674, -49.231517],
            [68.841566, -49.285467],
            [68.81826, -49.353731],
            [68.861668, -49.392385],
            [68.872262, -49.444217],
            [68.848439, -49.499769],
            [68.810302, -49.55005],
            [68.791285, -49.599815],
            [68.78281, -49.651129],
            [68.814539, -49.699808]
          ],
          [
            [57.383505, -20.503554],
            [57.524789, -20.513115],
            [57.651241, -20.485054],
            [57.706845, -20.434773],
            [57.724828, -20.368627],
            [57.780897, -20.326821],
            [57.792008, -20.212513],
            [57.736972, -20.098204],
            [57.656564, -19.989736],
            [57.575587, -19.997177],
            [57.51528, -20.055881],
            [57.486703, -20.143731],
            [57.41632, -20.183936],
            [57.385624, -20.228377],
            [57.362318, -20.337415],
            [57.365005, -20.406196],
            [57.317876, -20.4279],
            [57.32847, -20.450121],
            [57.383505, -20.503554]
          ],
          [
            [55.596483, -20.87981],
            [55.450445, -20.864979],
            [55.311281, -20.90415],
            [55.249889, -21.002594],
            [55.232991, -21.058663],
            [55.310247, -21.217413],
            [55.362595, -21.273482],
            [55.55788, -21.358179],
            [55.656324, -21.36929],
            [55.797607, -21.339111],
            [55.822464, -21.277719],
            [55.838845, -21.138554],
            [55.739368, -21.021611],
            [55.661595, -20.906269],
            [55.596483, -20.87981]
          ],
          [
            [39.846385, -7.730019],
            [39.716729, -7.831615],
            [39.66066, -7.900396],
            [39.602989, -7.935846],
            [39.63632, -7.977652],
            [39.657456, -7.990365],
            [39.711458, -7.977652],
            [39.761739, -7.912023],
            [39.824681, -7.900396],
            [39.897699, -7.7279],
            [39.90726, -7.649042],
            [39.890826, -7.663356],
            [39.846385, -7.730019]
          ],
          [
            [39.864885, -4.906367],
            [39.780756, -4.945021],
            [39.673372, -4.927037],
            [39.700864, -5.113796],
            [39.646914, -5.368354],
            [39.673372, -5.40644],
            [39.707737, -5.429746],
            [39.749543, -5.444008],
            [39.795587, -5.394296],
            [39.852741, -5.255648],
            [39.859097, -5.155086],
            [39.855893, -5.004294],
            [39.870724, -4.956648],
            [39.864885, -4.906367]
          ],
          [
            [39.312464, -6.279048],
            [39.382847, -6.364779],
            [39.423568, -6.347829],
            [39.447391, -6.419815],
            [39.480722, -6.453663],
            [39.509299, -6.451544],
            [39.563301, -6.427204],
            [39.57281, -6.387517],
            [39.496587, -6.174817],
            [39.487595, -6.166342],
            [39.433128, -6.115544],
            [39.368016, -5.950954],
            [39.357422, -5.811273],
            [39.308743, -5.721821],
            [39.266937, -5.853079],
            [39.192316, -5.930852],
            [39.206114, -6.083246],
            [39.182291, -6.172698],
            [39.243682, -6.27481],
            [39.312464, -6.279048]
          ]
        ]
      }
    },
    {
      "type": "Feature",
      "properties": { "globee_ocean": "Atlantic Ocean", "source_name": "Atlantic Ocean" },
      "geometry": {
        "type": "Polygon",
        "coordinates": [
          [
            [-45.938405, -60.533462],
            [-55.655512, -60.533462],
            [-56.238758, -60.533462],
            [-68.04858, -60.533462],
            [-68.077674, -60.533462],
            [-68.077674, -55.696858],
            [-68.082454, -55.650815],
            [-68.04858, -55.643425],
            [-68.045402, -55.587304],
            [-68.058114, -55.518006],
            [-68.089844, -55.478319],
            [-68.152811, -55.437029],
            [-68.305231, -55.356621],
            [-68.326392, -55.332798],
            [-68.322698, -55.308458],
            [-68.282467, -55.255025],
            [-68.330087, -55.219523],
            [-68.381945, -55.191515],
            [-68.585679, -55.177769],
            [-68.613197, -55.155496],
            [-68.597849, -55.128521],
            [-68.399954, -55.041756],
            [-68.458141, -54.959746],
            [-68.653427, -54.958144],
            [-68.90106, -55.017933],
            [-69.092082, -54.994111],
            [-69.081514, -54.909981],
            [-68.843389, -54.87665],
            [-68.803702, -54.853912],
            [-68.653427, -54.853912],
            [-68.618493, -54.83381],
            [-68.490956, -54.836446],
            [-68.331689, -54.816344],
            [-68.220016, -54.817377],
            [-68.00729, -54.84859],
            [-67.793531, -54.868692],
            [-67.127292, -54.903625],
            [-66.930457, -54.924813],
            [-66.627762, -55.013179],
            [-66.511361, -55.032248],
            [-66.398629, -55.009459],
            [-66.286982, -54.977729],
            [-66.172157, -54.975094],
            [-66.06051, -54.956542],
            [-65.953617, -54.91949],
            [-65.841945, -54.909981],
            [-65.722882, -54.926414],
            [-65.603303, -54.927965],
            [-65.471011, -54.914736],
            [-65.346135, -54.877684],
            [-65.252471, -54.7888],
            [-65.17891, -54.678213],
            [-65.251929, -54.638008],
            [-65.369415, -54.632169],
            [-65.747222, -54.653356],
            [-65.992762, -54.598838],
            [-66.235641, -54.533209],
            [-66.462139, -54.441121],
            [-66.670111, -54.313635],
            [-66.86537, -54.222581],
            [-67.069622, -54.147961],
            [-67.293975, -54.050086],
            [-67.502489, -53.922031],
            [-67.678163, -53.787104],
            [-67.861253, -53.662202],
            [-67.940111, -53.618794],
            [-68.00835, -53.56381],
            [-68.14382, -53.318761],
            [-68.161286, -53.306617],
            [-68.393055, -53.29499],
            [-68.48832, -53.26109],
            [-68.520592, -53.221919],
            [-68.520592, -53.177477],
            [-68.479329, -53.114019],
            [-68.431166, -53.055263],
            [-68.332749, -53.019813],
            [-68.240144, -53.081721],
            [-68.27823, -52.983794],
            [-68.338562, -52.900233],
            [-68.57139, -52.694871],
            [-68.630121, -52.652548],
            [-68.65924, -52.631412],
            [-68.757658, -52.582165],
            [-68.762412, -52.581648],
            [-68.760836, -52.572656],
            [-68.696266, -52.314429],
            [-68.443336, -52.356752],
            [-68.393598, -52.307039],
            [-68.398894, -52.3012],
            [-67.909932, -49.983977],
            [-67.910991, -49.982375],
            [-67.825803, -49.919433],
            [-67.783454, -49.859075],
            [-67.661756, -49.342104],
            [-67.693511, -49.304019],
            [-67.685036, -49.246865],
            [-67.466497, -48.951585],
            [-67.263305, -48.813971],
            [-67.131013, -48.688036],
            [-67.033112, -48.627729],
            [-66.782817, -48.522929],
            [-66.596007, -48.419732],
            [-66.393332, -48.342475],
            [-66.017102, -48.084248],
            [-65.94354, -48.019188],
            [-65.912328, -47.976865],
            [-65.810215, -47.940846],
            [-65.863649, -47.852996],
            [-65.934032, -47.826538],
            [-66.097536, -47.852996],
            [-66.172157, -47.857802],
            [-66.225074, -47.826538],
            [-66.040382, -47.783181],
            [-65.886412, -47.701688],
            [-65.814427, -47.638177],
            [-65.775282, -47.568311],
            [-65.73823, -47.345017],
            [-65.768926, -47.25665],
            [-65.845665, -47.166165],
            [-65.844063, -47.164563],
            [-65.644566, -45.008209],
            [-65.644566, -45.007692],
            [-65.638753, -45.007692],
            [-65.605938, -44.945267],
            [-65.599065, -44.8754],
            [-65.698542, -44.796025],
            [-65.647745, -44.661615],
            [-65.361457, -44.47744],
            [-65.29004, -44.360496],
            [-65.265701, -44.279571],
            [-65.30854, -44.15839],
            [-65.2387, -44.048836],
            [-65.304846, -43.787456],
            [-65.283684, -43.62974],
            [-65.252471, -43.572069],
            [-65.189478, -43.521788],
            [-64.985769, -43.29374],
            [-64.839706, -43.18894],
            [-64.715347, -43.135506],
            [-64.432263, -43.059284],
            [-64.375626, -43.02435],
            [-64.319014, -42.968798],
            [-64.380406, -42.949213],
            [-64.441772, -42.950815],
            [-64.629099, -42.909008],
            [-65.027033, -42.758733],
            [-64.970938, -42.666129],
            [-64.812188, -42.633315],
            [-64.65026, -42.531202],
            [-64.487815, -42.513219],
            [-64.324311, -42.57244],
            [-64.248114, -42.646027],
            [-64.220054, -42.755581],
            [-64.130628, -42.861414],
            [-64.034846, -42.881517],
            [-63.692489, -42.805294],
            [-63.644327, -42.745504],
            [-63.617326, -42.69574],
            [-63.594588, -42.555542],
            [-63.595648, -42.4063],
            [-63.630038, -42.282483],
            [-63.684531, -42.188794],
            [-63.729515, -42.152827],
            [-63.78561, -42.119496],
            [-63.403024, -41.169115],
            [-63.403024, -41.155886],
            [-63.213061, -41.152733],
            [-62.959046, -41.109842],
            [-62.798177, -41.047417],
            [-62.394971, -40.890785],
            [-62.301825, -40.814563],
            [-62.246273, -40.674365],
            [-62.39337, -40.458977],
            [-62.427243, -40.355779],
            [-62.401844, -40.196513],
            [-62.324046, -39.950429],
            [-62.287019, -39.895394],
            [-62.254205, -39.880615],
            [-62.131448, -39.825579],
            [-62.082742, -39.568386],
            [-62.076929, -39.465188],
            [-62.073751, -39.465188],
            [-61.408055, -38.986302],
            [-61.408055, -38.98315],
            [-61.382656, -38.981031],
            [-61.112259, -38.993175],
            [-60.903771, -38.974107],
            [-59.828513, -38.838146],
            [-59.676094, -38.796856],
            [-59.007245, -38.673556],
            [-58.179079, -38.435948],
            [-57.645701, -38.169815],
            [-57.54674, -38.085685],
            [-57.507053, -37.909469],
            [-57.395923, -37.744879],
            [-57.087957, -37.446448],
            [-56.727049, -36.957485],
            [-56.672013, -36.851135],
            [-56.668318, -36.735225],
            [-56.697955, -36.426717],
            [-56.71754, -36.389148],
            [-56.74927, -36.346308],
            [-56.750329, -36.346308],
            [-56.750872, -36.336231],
            [-54.91889, -34.962517],
            [-54.912534, -34.930787],
            [-54.902483, -34.932906],
            [-54.365384, -34.732867],
            [-54.272263, -34.666721],
            [-54.168549, -34.670958],
            [-54.010315, -34.516963],
            [-53.785419, -34.380433],
            [-53.743096, -34.249744],
            [-53.534582, -34.017407],
            [-53.472674, -33.849148],
            [-53.419757, -33.779282],
            [-53.370561, -33.742281],
            [-52.920769, -33.401992],
            [-52.763079, -33.266548],
            [-52.652465, -33.137977],
            [-52.508547, -32.875461],
            [-52.341864, -32.439983],
            [-52.274659, -32.323556],
            [-52.189987, -32.220927],
            [-52.127536, -32.16801],
            [-52.167224, -32.088635],
            [-52.168283, -32.083313],
            [-52.068806, -32.063211],
            [-52.039169, -32.115094],
            [-51.920107, -31.989675],
            [-51.797866, -31.900223],
            [-51.460264, -31.702302],
            [-51.151756, -31.48061],
            [-50.921563, -31.25835],
            [-50.748008, -31.067871],
            [-50.619954, -30.897442],
            [-50.299276, -30.425998],
            [-50.03309, -29.801023],
            [-49.745769, -29.363427],
            [-49.499686, -29.075538],
            [-49.271096, -28.871261],
            [-49.023436, -28.698765],
            [-48.7996, -28.575465],
            [-48.797507, -28.442656],
            [-48.69325, -28.310365],
            [-48.648265, -28.207167],
            [-48.620748, -28.075392],
            [-48.605942, -27.825123],
            [-48.642452, -27.557904],
            [-48.572068, -27.372696],
            [-48.595349, -27.263659],
            [-48.554085, -27.195962],
            [-48.568374, -27.12346],
            [-48.59323, -27.057831],
            [-48.615451, -26.877894],
            [-48.677902, -26.702763],
            [-48.676326, -26.612277],
            [-48.658316, -26.519156],
            [-48.651443, -26.406398],
            [-48.700665, -26.348211],
            [-48.748285, -26.268836],
            [-48.713894, -26.227029],
            [-48.678961, -26.225996],
            [-48.619688, -26.179435],
            [-48.576306, -25.935471],
            [-48.612815, -25.875164],
            [-48.678961, -25.875164],
            [-48.665732, -25.844469],
            [-48.545093, -25.815892],
            [-48.401149, -25.597352],
            [-48.429726, -25.550223],
            [-48.506982, -25.521129],
            [-48.69219, -25.491519],
            [-48.731878, -25.368735],
            [-48.644028, -25.436483],
            [-48.564136, -25.447594],
            [-48.476286, -25.442788],
            [-48.427607, -25.4031],
            [-48.458303, -25.310496],
            [-48.402725, -25.271894],
            [-48.273611, -25.30631],
            [-48.185787, -25.309979],
            [-48.242399, -25.4031],
            [-48.202711, -25.416329],
            [-48.024376, -25.236961],
            [-47.929136, -25.168179],
            [-47.908491, -25.068185],
            [-47.959289, -25.065498],
            [-47.988926, -25.035888],
            [-47.914305, -24.999921],
            [-47.876736, -24.997234],
            [-47.831235, -24.952792],
            [-47.592051, -24.780813],
            [-47.136962, -24.492975],
            [-46.867082, -24.236298],
            [-46.630559, -24.110363],
            [-45.972279, -23.795498],
            [-45.843165, -23.763769],
            [-45.66483, -23.764802],
            [-45.527241, -23.805058],
            [-45.464274, -23.802371],
            [-45.433578, -23.758498],
            [-45.423527, -23.685427],
            [-45.325626, -23.599748],
            [-45.215555, -23.575357],
            [-44.951514, -23.381725],
            [-44.667346, -23.335164],
            [-44.619183, -23.316096],
            [-44.569445, -23.273773],
            [-44.621302, -23.228246],
            [-44.673702, -23.206542],
            [-44.681117, -23.107065],
            [-44.637192, -23.05575],
            [-44.367829, -23.004952],
            [-44.14823, -23.011308],
            [-44.047693, -22.944594],
            [-43.86618, -22.910746],
            [-43.703218, -22.966298],
            [-43.676217, -23.009706],
            [-43.791585, -23.04619],
            [-43.898995, -23.035079],
            [-43.973615, -23.057352],
            [-43.898995, -23.101225],
            [-43.73655, -23.06686],
            [-43.532815, -23.04619],
            [-43.369311, -22.998079],
            [-43.224307, -22.991206],
            [-43.193611, -22.938806],
            [-43.208959, -22.877931],
            [-43.236477, -22.828735],
            [-43.241774, -22.794836],
            [-43.229061, -22.747758],
            [-43.154466, -22.725021],
            [-43.086202, -22.723419],
            [-43.065557, -22.770496],
            [-43.10049, -22.849871],
            [-43.080905, -22.902271],
            [-43.016361, -22.942475],
            [-42.958148, -22.967383],
            [-42.829034, -22.973171],
            [-42.580832, -22.940925],
            [-42.122591, -22.940925],
            [-42.042157, -22.947281],
            [-41.987638, -22.845117],
            [-41.941078, -22.788531],
            [-41.986062, -22.735615],
            [-41.997715, -22.644561],
            [-41.980249, -22.580534],
            [-41.705614, -22.309594],
            [-41.582831, -22.243448],
            [-41.122471, -22.084181],
            [-41.000231, -21.999019],
            [-40.988061, -21.92016],
            [-41.021392, -21.610567],
            [-41.022969, -21.596821],
            [-41.047308, -21.505819],
            [-40.954704, -21.238032],
            [-40.828768, -21.031171],
            [-40.789081, -20.906269],
            [-40.727173, -20.846479],
            [-40.596457, -20.784002],
            [-40.395927, -20.569183],
            [-40.318645, -20.425781],
            [-40.299085, -20.292973],
            [-40.20276, -20.206157],
            [-40.141911, -19.968032],
            [-40.001145, -19.742102],
            [-39.844513, -19.648981],
            [-39.783148, -19.571725],
            [-39.73129, -19.453696],
            [-39.700052, -19.277996],
            [-39.741858, -18.84624],
            [-39.739739, -18.639844],
            [-39.650856, -18.252477],
            [-39.486809, -17.990013],
            [-39.412731, -17.920198],
            [-39.27832, -17.849246],
            [-39.153961, -17.703725],
            [-39.170368, -17.641817],
            [-39.215353, -17.315894],
            [-39.20264, -17.178279],
            [-39.164012, -17.043352],
            [-39.124867, -16.763421],
            [-39.063476, -16.504109],
            [-38.96082, -16.186609],
            [-38.880386, -15.864354],
            [-38.88514, -15.842133],
            [-38.943354, -15.564321],
            [-38.996271, -15.253694],
            [-39.013195, -14.935677],
            [-39.059781, -14.654712],
            [-38.942294, -14.030823],
            [-38.966634, -14.003279],
            [-39.00844, -14.101206],
            [-39.048128, -14.044052],
            [-39.034899, -13.991135],
            [-39.041255, -13.758281],
            [-39.001025, -13.664644],
            [-38.988855, -13.614879],
            [-39.008957, -13.581548],
            [-39.034899, -13.55881],
            [-39.089391, -13.588421],
            [-39.067171, -13.480469],
            [-39.030661, -13.365127],
            [-38.959219, -13.27304],
            [-38.835402, -13.147104],
            [-38.833283, -13.032796],
            [-38.763959, -12.907377],
            [-38.783544, -12.844435],
            [-38.851809, -12.790433],
            [-38.787782, -12.782475],
            [-38.743857, -12.748627],
            [-38.69094, -12.623725],
            [-38.653888, -12.644396],
            [-38.524775, -12.762373],
            [-38.498859, -12.956573],
            [-38.447518, -12.967167],
            [-38.401475, -12.966133],
            [-38.239573, -12.844435],
            [-38.019431, -12.591479],
            [-37.957523, -12.475569],
            [-37.688702, -12.099881],
            [-37.469103, -11.65381],
            [-37.411949, -11.497127],
            [-37.438407, -11.393981],
            [-37.359032, -11.252698],
            [-37.32198, -11.215129],
            [-37.320921, -11.266444],
            [-37.331514, -11.309852],
            [-37.354794, -11.350573],
            [-37.355854, -11.404006],
            [-37.315107, -11.375998],
            [-37.181239, -11.187586],
            [-37.182815, -11.068523],
            [-37.125661, -11.084956],
            [-37.093389, -11.054777],
            [-36.937817, -10.820373],
            [-36.768474, -10.671648],
            [-36.635665, -10.589638],
            [-36.411829, -10.49016],
            [-36.3986, -10.483804],
            [-36.223442, -10.22506],
            [-36.055158, -10.075819],
            [-35.885298, -9.847719],
            [-35.847729, -9.772581],
            [-35.890594, -9.68685],
            [-35.830262, -9.719148],
            [-35.764116, -9.702767],
            [-35.596891, -9.540813],
            [-35.340783, -9.230754],
            [-35.157693, -8.930669],
            [-34.966672, -8.407342],
            [-34.890475, -8.091961],
            [-34.834897, -7.971296],
            [-34.837015, -7.871819],
            [-34.878822, -7.747485],
            [-34.873008, -7.691933],
            [-34.854999, -7.634211],
            [-34.860838, -7.595092],
            [-34.85766, -7.533183],
            [-34.816371, -7.395052],
            [-34.80526, -7.288185],
            [-34.833863, -7.024636],
            [-34.876186, -7.002931],
            [-34.879881, -6.908209],
            [-34.92962, -6.784909],
            [-34.98835, -6.393873],
            [-35.095242, -6.185359],
            [-35.141829, -5.917106],
            [-35.235492, -5.566792],
            [-35.39264, -5.250894],
            [-35.48155, -5.166196],
            [-35.549272, -5.129144],
            [-35.980021, -5.054523],
            [-36.161534, -5.093694],
            [-36.386947, -5.084185],
            [-36.590681, -5.097415],
            [-36.747312, -5.050854],
            [-36.861078, -4.966725],
            [-36.954741, -4.936546],
            [-37.174883, -4.912206],
            [-37.301361, -4.713252],
            [-37.626251, -4.592071],
            [-37.795594, -4.404227],
            [-38.049067, -4.216331],
            [-38.271844, -3.948079],
            [-38.361787, -3.876611],
            [-38.475579, -3.717344],
            [-38.686186, -3.653834],
            [-38.895734, -3.501956],
            [-39.014254, -3.390335],
            [-39.352915, -3.197169],
            [-39.511149, -3.125752],
            [-39.609566, -3.056402],
            [-39.772037, -2.986019],
            [-39.964635, -2.861685],
            [-40.235575, -2.813006],
            [-40.474759, -2.79554],
            [-40.875329, -2.869644],
            [-41.194431, -2.886025],
            [-41.318248, -2.936306],
            [-41.480176, -2.916721],
            [-41.639985, -2.878635],
            [-41.721996, -2.808769],
            [-41.875991, -2.746344],
            [-41.999808, -2.806133],
            [-42.249586, -2.791819],
            [-42.593544, -2.661129],
            [-42.676098, -2.589712],
            [-42.832186, -2.529354],
            [-42.936443, -2.46481],
            [-43.229604, -2.385952],
            [-43.379879, -2.375927],
            [-43.388354, -2.381715],
            [-44.545105, -1.954712],
            [-44.546164, -1.954712],
            [-44.546707, -1.946237],
            [-44.591665, -1.841954],
            [-44.651481, -1.745681],
            [-44.720805, -1.792242],
            [-44.778476, -1.799115],
            [-44.721322, -1.733486],
            [-44.790103, -1.725011],
            [-44.828214, -1.671577],
            [-44.919759, -1.58905],
            [-45.025592, -1.513344],
            [-45.07639, -1.466267],
            [-45.182224, -1.507039],
            [-45.238318, -1.629254],
            [-45.282243, -1.696434],
            [-45.329346, -1.717104],
            [-45.353143, -1.567346],
            [-45.45846, -1.356196],
            [-45.556878, -1.330823],
            [-45.644728, -1.347721],
            [-45.778596, -1.250879],
            [-45.972279, -1.187421],
            [-46.044781, -1.10324],
            [-46.140537, -1.118588],
            [-46.215158, -1.099571],
            [-46.218853, -1.031306],
            [-46.320991, -1.039213],
            [-46.421528, -1.030221],
            [-46.516251, -0.99689],
            [-46.61733, -0.970431],
            [-46.644305, -0.916481],
            [-46.769724, -0.836538],
            [-46.811013, -0.779435],
            [-46.89354, -0.779952],
            [-46.944364, -0.743417],
            [-47.024799, -0.75029],
            [-47.126911, -0.745536],
            [-47.200473, -0.680475],
            [-47.268737, -0.645542],
            [-47.397851, -0.626473],
            [-47.439114, -0.64766],
            [-47.460302, -0.680992],
            [-47.432784, -0.721713],
            [-47.418495, -0.766206],
            [-47.47087, -0.74874],
            [-47.557117, -0.669881],
            [-47.651324, -0.71856],
            [-47.68729, -0.724917],
            [-47.731758, -0.710602],
            [-47.773564, -0.676754],
            [-47.807412, -0.663525],
            [-47.883635, -0.693136],
            [-47.960891, -0.769358],
            [-48.032308, -0.705331],
            [-48.034969, -0.705848],
            [-48.388979, -0.312177],
            [-48.392674, -0.297346],
            [-48.444531, -0.271921],
            [-48.515457, -0.24815],
            [-48.587933, -0.231717],
            [-48.786371, -0.215335],
            [-49.1171, -0.163452],
            [-49.215001, -0.158698],
            [-49.314478, -0.16769],
            [-49.326094, -0.173876],
            [-49.409941, -0.081644],
            [-49.380624, -0.0555],
            [-49.372175, 0.001086],
            [-49.382742, 0.022273],
            [6.557047, 0.032867],
            [6.983533, 0.032867],
            [8.710197, -0.606888],
            [8.844091, -0.913794],
            [8.876389, -0.946092],
            [8.909203, -1.02495],
            [8.942018, -1.071511],
            [9.064749, -1.298525],
            [9.203914, -1.382138],
            [9.260035, -1.374179],
            [9.296518, -1.36095],
            [9.317706, -1.332942],
            [9.346799, -1.324983],
            [9.280137, -1.482131],
            [9.296001, -1.514946],
            [9.330418, -1.534531],
            [9.397081, -1.530294],
            [9.448395, -1.50859],
            [9.500795, -1.55515],
            [9.523533, -1.598558],
            [9.406589, -1.634525],
            [9.356876, -1.637729],
            [9.318739, -1.63189],
            [9.036172, -1.309119],
            [9.052605, -1.378934],
            [9.157354, -1.527658],
            [9.258433, -1.726096],
            [9.247839, -1.779529],
            [9.265822, -1.825056],
            [9.342045, -1.829294],
            [9.483328, -1.894354],
            [9.495524, -1.935127],
            [9.482812, -1.962102],
            [9.342562, -1.893838],
            [9.298637, -1.902829],
            [9.370622, -1.974815],
            [9.402352, -2.027731],
            [9.533093, -2.163692],
            [9.573814, -2.229838],
            [9.590764, -2.293348],
            [9.624612, -2.366935],
            [9.676495, -2.415615],
            [9.768531, -2.412927],
            [9.860618, -2.44259],
            [9.959062, -2.489667],
            [10.06226, -2.550025],
            [10.034199, -2.575398],
            [10.001901, -2.588627],
            [9.763776, -2.473802],
            [9.72197, -2.467446],
            [9.759539, -2.518761],
            [10.006139, -2.748462],
            [10.347462, -3.013046],
            [10.585587, -3.278146],
            [10.640622, -3.398242],
            [10.848568, -3.561229],
            [10.947012, -3.662308],
            [11.032226, -3.826329],
            [11.130101, -3.916298],
            [11.364506, -4.1306],
            [11.393651, -4.200467],
            [11.66826, -4.434354],
            [11.777297, -4.566129],
            [11.780966, -4.676717],
            [11.801068, -4.705294],
            [11.820654, -4.755575],
            [11.893156, -4.865646],
            [11.966691, -4.954529],
            [12.00271, -4.982073],
            [12.018574, -5.004294],
            [12.039762, -5.03499],
            [12.110662, -5.197409],
            [12.177324, -5.324946],
            [12.206418, -5.468348],
            [12.17996, -5.538731],
            [12.15562, -5.632938],
            [12.199028, -5.731898],
            [12.213859, -5.758873],
            [12.240318, -5.807552],
            [12.314887, -5.895402],
            [12.411729, -5.986404],
            [12.453018, -6.000719],
            [12.51441, -6.004388],
            [12.680549, -5.961031],
            [12.791705, -5.877935],
            [12.861003, -5.854113],
            [13.003372, -5.836129],
            [13.067916, -5.864706],
            [13.009677, -5.907546],
            [12.79062, -6.003871],
            [12.55358, -6.045677],
            [12.380516, -6.084331],
            [12.302743, -6.092754],
            [12.283158, -6.124535],
            [12.334472, -6.187477],
            [12.40222, -6.353669],
            [12.521283, -6.590192],
            [12.823435, -6.954769],
            [12.862089, -7.232065],
            [13.090654, -7.7803],
            [13.378543, -8.369773],
            [13.366347, -8.46925],
            [13.367949, -8.554981],
            [13.378543, -8.624848],
            [13.358958, -8.687273],
            [13.053602, -9.006892],
            [13.046729, -8.975162],
            [13.077424, -8.93439],
            [13.092772, -8.899456],
            [13.046729, -8.922246],
            [12.998566, -8.991027],
            [12.998566, -9.048181],
            [13.075822, -9.230186],
            [13.155766, -9.389504],
            [13.197004, -9.55089],
            [13.209199, -9.703283],
            [13.287489, -9.826583],
            [13.332499, -9.999079],
            [13.495487, -10.257306],
            [13.539412, -10.420811],
            [13.633566, -10.512381],
            [13.721416, -10.633563],
            [13.738883, -10.757379],
            [13.833606, -10.929875],
            [13.847352, -11.05426],
            [13.78441, -11.488136],
            [13.785443, -11.81256],
            [13.685449, -12.123704],
            [13.598116, -12.286123],
            [13.417145, -12.520579],
            [13.162639, -12.652302],
            [12.983218, -12.775602],
            [12.897539, -13.027525],
            [12.550376, -13.437629],
            [12.503816, -13.755646],
            [12.378914, -14.039246],
            [12.280522, -14.637763],
            [12.073093, -15.248423],
            [12.015939, -15.513523],
            [11.967776, -15.634188],
            [11.900029, -15.719919],
            [11.849747, -15.768598],
            [11.750839, -15.832108],
            [11.769339, -15.915152],
            [11.796831, -15.986621],
            [11.820137, -16.504109],
            [11.819052, -16.704148],
            [11.779932, -16.871373],
            [11.74288, -17.249179],
            [11.721693, -17.466685],
            [11.733372, -17.750854],
            [11.775695, -18.001692],
            [11.951343, -18.270461],
            [12.041312, -18.4705],
            [12.095831, -18.540883],
            [12.328685, -18.750948],
            [12.458289, -18.926648],
            [13.041974, -20.02839],
            [13.168427, -20.184504],
            [13.284337, -20.524225],
            [13.450477, -20.916862],
            [13.839445, -21.473004],
            [13.888124, -21.606898],
            [13.973339, -21.767767],
            [14.322051, -22.190015],
            [14.462818, -22.449327],
            [14.52576, -22.7028],
            [14.51992, -22.804913],
            [14.495581, -22.92134],
            [14.459097, -22.90811],
            [14.438427, -22.880567],
            [14.403545, -22.9679],
            [14.423647, -23.078488],
            [14.473928, -23.281163],
            [14.472326, -23.476448],
            [14.496666, -23.642588],
            [14.483437, -24.050573],
            [14.50142, -24.201933],
            [14.627872, -24.54801],
            [14.768122, -24.788254],
            [14.836904, -25.033252],
            [14.818403, -25.246469],
            [14.822641, -25.358659],
            [14.863879, -25.533842],
            [14.845378, -25.725923],
            [14.93111, -25.958209],
            [14.967593, -26.318032],
            [15.096733, -26.425984],
            [15.139056, -26.508046],
            [15.163395, -26.600081],
            [15.123708, -26.667829],
            [15.132699, -26.787409],
            [15.215795, -26.994838],
            [15.28778, -27.274769],
            [15.341731, -27.386442],
            [15.71902, -27.96589],
            [15.890999, -28.152648],
            [16.00691, -28.231506],
            [16.335003, -28.536294],
            [16.44771, -28.617271],
            [16.481041, -28.641611],
            [16.739268, -29.009392],
            [16.949901, -29.403631],
            [17.18906, -30.100023],
            [17.347293, -30.445015],
            [17.677505, -31.019192],
            [17.938368, -31.383252],
            [18.10151, -31.580093],
            [18.163781, -31.655225],
            [18.197648, -31.718054],
            [18.210858, -31.742558],
            [18.223832, -31.791828],
            [18.310903, -32.122483],
            [18.324449, -32.22728],
            [18.32992, -32.269606],
            [18.32926, -32.30231],
            [18.325166, -32.505044],
            [18.251114, -32.652167],
            [18.125178, -32.749008],
            [18.03676, -32.77495],
            [18.006152, -32.746601],
            [17.982015, -32.724246],
            [17.965343, -32.708804],
            [17.930221, -32.729821],
            [17.895477, -32.75061],
            [17.851035, -32.82735],
            [17.87801, -32.96176],
            [17.95847, -33.046406],
            [17.992887, -33.15224],
            [18.074897, -33.207275],
            [18.156391, -33.358635],
            [18.261139, -33.421577],
            [18.309301, -33.514698],
            [18.433118, -33.717373],
            [18.456424, -33.796231],
            [18.464899, -33.887802],
            [18.35426, -33.939117],
            [18.333124, -34.074044],
            [18.352193, -34.188352],
            [18.41038, -34.295787],
            [18.461695, -34.347102],
            [18.462212, -34.16825],
            [18.500349, -34.109494],
            [18.53368, -34.085671],
            [18.605097, -34.077248],
            [18.708812, -34.071925],
            [18.75222, -34.082519],
            [18.808857, -34.10846],
            [18.826324, -34.188352],
            [18.83051, -34.253981],
            [18.825239, -34.296304],
            [18.831595, -34.364052],
            [18.901462, -34.360848],
            [18.95226, -34.343898],
            [19.098297, -34.350254],
            [19.149095, -34.416969],
            [19.244852, -34.412163],
            [19.279268, -34.437071],
            [19.330583, -34.492623],
            [19.323193, -34.570913],
            [19.298337, -34.614838],
            [19.391458, -34.605846],
            [19.634854, -34.753486],
            [19.615837, -34.813275],
            [19.615837, -60.533462],
            [-44.864724, -60.533462],
            [-45.610854, -60.533462],
            [-45.717747, -60.52075],
            [-45.782833, -60.533462],
            [-45.893963, -60.533462],
            [-45.93471, -60.526538],
            [-45.938405, -60.533462]
          ],
          [
            [-36.085311, -54.866573],
            [-35.938757, -54.834327],
            [-35.866772, -54.792521],
            [-35.798507, -54.763427],
            [-35.913332, -54.711027],
            [-35.921807, -54.63744],
            [-35.895349, -54.554913],
            [-35.964673, -54.568142],
            [-36.032937, -54.567625],
            [-36.073141, -54.553879],
            [-36.117066, -54.458071],
            [-36.172644, -54.382417],
            [-36.235612, -54.360713],
            [-36.285351, -54.288727],
            [-36.326614, -54.251159],
            [-36.385887, -54.279219],
            [-36.406532, -54.303558],
            [-36.448855, -54.308313],
            [-36.540942, -54.248006],
            [-36.647292, -54.262269],
            [-36.607088, -54.189767],
            [-36.70393, -54.108273],
            [-36.759999, -54.107756],
            [-36.804983, -54.1014],
            [-36.848908, -54.085019],
            [-36.928826, -54.081298],
            [-37.006082, -54.114113],
            [-37.10344, -54.065433],
            [-37.232554, -54.060679],
            [-37.36854, -54.009365],
            [-37.382312, -53.98394],
            [-37.535765, -53.994017],
            [-37.945353, -53.995567],
            [-38.017312, -54.007763],
            [-37.912538, -54.028898],
            [-37.618861, -54.042127],
            [-37.689219, -54.076544],
            [-37.692397, -54.134732],
            [-37.631031, -54.167546],
            [-37.49768, -54.155919],
            [-37.157933, -54.271261],
            [-37.082796, -54.311517],
            [-37.006599, -54.341127],
            [-36.88596, -54.339525],
            [-36.851569, -54.365984],
            [-36.824052, -54.404121],
            [-36.735142, -54.466546],
            [-36.62825, -54.496157],
            [-36.506552, -54.510988],
            [-36.472135, -54.534294],
            [-36.445677, -54.570777],
            [-36.311266, -54.69356],
            [-36.251477, -54.779808],
            [-36.123423, -54.852827],
            [-36.085311, -54.866573]
          ],
          [
            [-48.542432, -27.574802],
            [-48.554602, -27.812411],
            [-48.48582, -27.766935],
            [-48.496931, -27.707094],
            [-48.409624, -27.566379],
            [-48.377868, -27.451502],
            [-48.414895, -27.399671],
            [-48.464659, -27.436206],
            [-48.505406, -27.495427],
            [-48.542432, -27.574802]
          ],
          [
            [-57.97643, -51.38415],
            [-58.206597, -51.404769],
            [-58.258997, -51.416965],
            [-58.28915, -51.457686],
            [-58.276463, -51.505848],
            [-58.241013, -51.551375],
            [-58.234657, -51.57835],
            [-58.271683, -51.574629],
            [-58.473841, -51.509052],
            [-58.508749, -51.483627],
            [-58.519342, -51.423838],
            [-58.467485, -51.411642],
            [-58.406636, -51.418567],
            [-58.378576, -51.37304],
            [-58.425679, -51.32436],
            [-58.506113, -51.307927],
            [-58.697678, -51.328598],
            [-58.850072, -51.269842],
            [-58.917277, -51.271961],
            [-58.886581, -51.357692],
            [-59.096672, -51.491585],
            [-59.099307, -51.589461],
            [-59.065433, -51.650335],
            [-59.05962, -51.685269],
            [-59.095612, -51.704286],
            [-59.180284, -51.712761],
            [-59.261778, -51.7371],
            [-59.308855, -51.780508],
            [-59.570803, -51.925461],
            [-59.536929, -51.970471],
            [-59.649118, -52.077338],
            [-59.648576, -52.134492],
            [-59.532175, -52.236656],
            [-59.395646, -52.308073],
            [-59.341669, -52.195883],
            [-59.256481, -52.183171],
            [-59.162817, -52.201723],
            [-59.068094, -52.173146],
            [-59.195632, -52.017548],
            [-59.131062, -52.00804],
            [-58.652693, -52.099042],
            [-58.637888, -52.022871],
            [-58.643159, -51.99481],
            [-58.683389, -51.936054],
            [-58.336253, -51.863552],
            [-58.217707, -51.822315],
            [-58.151044, -51.765677],
            [-58.003948, -51.743456],
            [-57.838299, -51.70904],
            [-57.831426, -51.6847],
            [-57.791738, -51.636021],
            [-57.866359, -51.604808],
            [-57.960539, -51.583104],
            [-57.915555, -51.533908],
            [-57.808662, -51.518044],
            [-57.922454, -51.403735],
            [-57.97643, -51.38415]
          ],
          [
            [-60.353442, -52.139815],
            [-60.288356, -52.073669],
            [-60.24655, -51.986336],
            [-60.193633, -51.982615],
            [-60.132241, -51.993725],
            [-59.989899, -51.984217],
            [-59.921634, -51.969386],
            [-59.714722, -51.807483],
            [-59.573438, -51.681031],
            [-59.514165, -51.626513],
            [-59.436909, -51.592664],
            [-59.392467, -51.556129],
            [-59.354382, -51.511171],
            [-59.29405, -51.478356],
            [-59.268108, -51.427558],
            [-59.321025, -51.383633],
            [-59.387713, -51.35981],
            [-59.464969, -51.410608],
            [-59.493547, -51.395777],
            [-59.711569, -51.439185],
            [-59.788283, -51.446058],
            [-59.841742, -51.403219],
            [-59.91688, -51.387871],
            [-60.008425, -51.410608],
            [-60.141776, -51.480992],
            [-60.286237, -51.461923],
            [-60.445504, -51.399498],
            [-60.515887, -51.354539],
            [-60.568287, -51.357692],
            [-60.518006, -51.428075],
            [-60.52276, -51.463008],
            [-60.505836, -51.485746],
            [-60.414808, -51.545019],
            [-60.302644, -51.580469],
            [-60.244948, -51.638657],
            [-60.28094, -51.656123],
            [-60.467208, -51.697413],
            [-60.528057, -51.696379],
            [-60.582576, -51.712761],
            [-60.500023, -51.756685],
            [-60.379358, -51.734981],
            [-60.32856, -51.7186],
            [-60.276703, -51.716481],
            [-60.238075, -51.733948],
            [-60.238617, -51.772033],
            [-60.288873, -51.801127],
            [-60.334374, -51.839781],
            [-60.449741, -51.87735],
            [-60.591025, -51.951402],
            [-60.762487, -51.946648],
            [-60.961441, -52.057236],
            [-60.812226, -52.147721],
            [-60.68629, -52.188494],
            [-60.508472, -52.19485],
            [-60.484132, -52.17051],
            [-60.45186, -52.160433],
            [-60.384138, -52.154077],
            [-60.353442, -52.139815]
          ],
          [
            [-64.731237, -54.862904],
            [-64.637574, -54.902592],
            [-64.508977, -54.840115],
            [-64.453425, -54.840115],
            [-64.322709, -54.79619],
            [-64.028489, -54.792521],
            [-63.971361, -54.810504],
            [-63.832713, -54.768181],
            [-63.815247, -54.72529],
            [-63.881909, -54.722654],
            [-64.03221, -54.74224],
            [-64.054948, -54.730044],
            [-64.105229, -54.721621],
            [-64.220596, -54.722138],
            [-64.438594, -54.739604],
            [-64.549207, -54.716298],
            [-64.581479, -54.752833],
            [-64.624861, -54.773452],
            [-64.689431, -54.774537],
            [-64.757153, -54.826369],
            [-64.731237, -54.862904]
          ],
          [
            [-67.42469, -54.968737],
            [-67.873965, -54.929567],
            [-68.106793, -54.929567],
            [-68.30151, -54.980365],
            [-68.174515, -55.071367],
            [-68.13537, -55.172446],
            [-68.099378, -55.206862],
            [-68.069741, -55.221125],
            [-67.767589, -55.259779],
            [-67.736893, -55.256575],
            [-67.691392, -55.242829],
            [-67.585016, -55.192031],
            [-67.535278, -55.178802],
            [-67.494531, -55.1772],
            [-67.463318, -55.181954],
            [-67.443216, -55.201023],
            [-67.429445, -55.236473],
            [-67.399291, -55.27244],
            [-67.339502, -55.292594],
            [-67.257465, -55.282],
            [-67.172819, -55.242829],
            [-67.109309, -55.192031],
            [-67.079673, -55.153946],
            [-67.085486, -55.115292],
            [-67.10719, -55.06346],
            [-67.245296, -54.977729],
            [-67.42469, -54.968737]
          ],
          [
            [-67.262245, -55.743936],
            [-67.303158, -55.697159],
            [-67.303173, -55.697168],
            [-67.262245, -55.743936]
          ]
        ]
      }
    }
  ]
}
